Date,Subway Residual,Buses Residual,LIRR Residual
2020-10-01,7121.49604705465,7801.13574111124,9464.147644736106
2020-10-02,78053.63308883226,32689.475976239424,1625.9798972087083
2020-10-03,-25574.78434144915,-19714.536984667648,-1899.583122203483
2020-10-04,-59328.42788878945,-33161.61118349363,-2642.9518157202037
2020-10-05,22962.02291389904,25530.727870882954,879.0599897028223
2020-10-06,6219.600336180301,-9927.528660422773,1122.1479044493171
2020-10-07,-60980.98114208481,-41390.32755638298,-2691.983586551505
2020-10-08,-6568.008336260682,-17340.703728633,-3781.2777289554724
2020-10-09,-113652.29659110494,-44298.32993293519,-5479.808146342053
2020-10-10,64089.19579537562,31119.99501712597,3347.186193879643
2020-10-11,175616.66089532245,104516.19949348224,5677.896063249304
2020-10-12,-157158.36225891928,-121251.44553851185,-4149.377460322612
2020-10-13,-7276.560537513811,-12487.843406186905,-1309.6470642882996
2020-10-14,-51345.740324491635,-30316.337311364012,-1384.660475605575
2020-10-15,-13283.785968769575,-9228.112076013349,12.707991771501838
2020-10-16,1503.8405025547836,-27456.101169249858,739.3151806415553
2020-10-17,-17094.384100455558,-17530.856030666037,-1104.4577264986801
2020-10-18,-78093.1756785994,-45944.46055503003,-1452.6245144625354
2020-10-19,-63479.182978792116,-24505.442119444022,-2440.239435260766
2020-10-20,-20160.57000694843,-24195.335868805298,-1118.1815678028652
2020-10-21,-39109.504127218155,-7892.86918888439,-145.02472218191542
2020-10-22,-31640.25388846267,-5808.335835802136,999.3123938298959
2020-10-23,26424.052219688892,16467.19417002995,3987.7108737848903
2020-10-24,-665.0283006613608,-12150.744358380442,956.3102653467067
2020-10-25,-56126.92881280347,-35979.720057101105,-2556.0856614998265
2020-10-26,135466.14604199072,73576.9934468614,8395.945477105706
2020-10-27,-5241.239600250032,10117.561197596835,674.0454595203119
2020-10-28,-53272.74349441263,-30728.05391764408,-2180.7586353116276
2020-10-29,-106831.4582116215,-49977.70876106573,-5460.732908757025
2020-10-30,-14060.905555857578,-17602.750921210507,2016.958673754125
2020-10-31,-61430.315943620866,-26028.829541479703,-1483.4638489408171
2020-11-01,-83929.21908670221,-46281.15669859992,-4845.890795662373
2020-11-02,111594.11064975266,64467.497670959914,1528.8628689147954
2020-11-03,-69223.94187586335,-34329.65871077916,-2517.527927319694
2020-11-04,-138962.28655354655,-63277.8104887302,-2275.9435923184865
2020-11-05,-10526.932436078321,-17252.304107155534,170.29328296867607
2020-11-06,-68798.79273253097,2594.9232533969916,-2088.4396094047333
2020-11-07,-158607.16031186585,-17355.557333457167,-2903.484289529464
2020-11-08,1795.0000122308265,3891.977547540213,-282.8924372940455
2020-11-09,-42110.88959060004,-17721.73698033369,1543.4879172109431
2020-11-10,-63394.849611541256,-14383.951309222612,-1168.1078641040804
2020-11-11,-18248.441166107776,22142.699325429858,432.62781625022035
2020-11-12,-30205.379262267146,7762.925087635987,1159.7275533507418
2020-11-13,-49525.38515811716,1374.002376539749,236.52907946700725
2020-11-14,-21347.196398480097,-1830.2250869930722,-584.4271112769056
2020-11-15,-69913.5359853881,-15284.53007327742,-3505.9922717055088
2020-11-16,-35365.55868606339,674.9373029217822,782.8046227977611
2020-11-17,-63891.500163731165,-19380.370502128615,-576.2232847559499
2020-11-18,-258203.00641479553,-107844.903425497,-6683.997261788565
2020-11-19,-86507.04435516265,-17926.59467256791,-2971.6822625106215
2020-11-20,-19818.026738372864,-11333.759673156543,-3050.3412669303216
2020-11-21,-65250.63558625826,-26838.213560366537,-4686.5225055022165
2020-11-22,-192777.6852489668,-50208.08821131906,409.73617150033533
2020-11-23,-433927.63539807743,-146618.80253365415,-22795.769094214447
2020-11-24,-15388.938493795926,18681.68970483262,3569.051839179163
2020-11-25,571252.3656066093,298934.6262044166,9671.063295238499
2020-11-26,60111.509784607915,26484.544451160473,3296.9092002262623
2020-11-27,-68340.93435121304,-39140.49565716786,-779.7196729445786
2020-11-28,16630.136484561488,-4786.801193691441,-3529.652276945293
2020-11-29,-21364.050187706714,-22475.895433883183,-7051.325183815592
2020-11-30,-13967.763426776743,-28356.94335394469,-2540.165869527955
2020-12-01,-98639.68614032469,-38132.90027672285,-14682.091547060721
2020-12-02,-239279.38797315746,-98829.40119520586,-8900.11621142894
2020-12-03,-144344.69957207004,-24585.00316124363,-2778.4006671582974
2020-12-04,-85263.83817312098,-1252.7012364409165,-3434.4602663384503
2020-12-05,-90759.47920076759,-38308.95850585331,-1997.3710553443598
2020-12-06,-65603.68434883724,-18860.374166722642,-3910.85824630157
2020-12-07,-54307.85896688583,-2767.582122015301,-457.5587081657868
2020-12-08,-173625.94617218315,-38990.2765815733,-6058.877560250781
2020-12-09,-239490.36958703306,-90188.32736817107,-4020.370524414924
2020-12-10,-216776.9647689152,-42120.21991851251,-7009.6672138655995
2020-12-11,14011.923378608655,56889.36431907606,2147.93119582066
2020-12-12,-65852.41910224385,7072.382170637255,-4012.7637037914246
2020-12-13,-72812.02043407923,-3710.374264141661,-1526.9646965527427
2020-12-14,-64461.82307576551,-15058.745797713404,-2960.003236372475
2020-12-15,-52674.35839528474,-25577.05409705371,-2703.4365831540563
2020-12-16,-137613.23939441494,-112191.30501099944,-4819.689594485506
2020-12-17,-297189.4766483372,-201580.32892488665,-20297.68158964056
2020-12-18,125011.47670313832,13381.895505074994,6907.085714803587
2020-12-19,41371.92260476947,-2836.541123032104,3958.2540053173143
2020-12-20,16251.297788024414,-20697.387299343944,4541.0341417303425
2020-12-21,95528.8259334052,4802.471076676855,7798.648559411595
2020-12-22,124322.89480424765,13426.858104570536,11746.711401331893
2020-12-23,180111.35295515787,66203.96223437402,13300.321878276096
2020-12-24,400033.5909918407,154085.08866183693,18071.10123848646
2020-12-25,-97653.12100921106,-82531.6568686018,-3536.184737594762
2020-12-26,914.6218441571109,5362.219522723928,9290.95160218644
2020-12-27,157284.90971179144,85668.46980123466,12029.926124641584
2020-12-28,167956.05369766685,87637.34505190596,11548.31784276446
2020-12-29,225837.27996255876,107107.72883607342,15259.998929914524
2020-12-30,266396.6725408125,139038.11664161307,9788.204535567551
2020-12-31,360409.970578457,143045.84334844397,17090.24639485513
2021-01-01,-128003.95615792694,-70694.38131987094,-8126.709247947998
2021-01-02,170631.03669945872,65766.73197365878,9299.637902625807
2021-01-03,132068.54424195923,45797.52838084346,9660.23064346693
2021-01-04,193369.81940487796,80195.59011242702,9884.680489047663
2021-01-05,187890.07417813572,80402.76871227345,10342.535625430595
2021-01-06,100040.5197730118,41160.67998264765,7595.760826326805
2021-01-07,150202.8024921778,99856.35290742561,11504.696754823919
2021-01-08,276695.59073793935,113049.1737071732,18220.69499189779
2021-01-09,120516.66017066198,30648.859031230328,3385.971810654126
2021-01-10,62395.645055559,6244.510583992582,4076.804789692571
2021-01-11,236566.9410028241,114469.09164054994,14310.848023280894
2021-01-12,165434.78264371492,66440.33078602352,7966.297305073938
2021-01-13,106187.7068984406,27169.6774369817,5679.386456291744
2021-01-14,61653.44751045061,2231.794457636308,6122.305295665748
2021-01-15,23474.973976106616,24840.275312138372,-8350.744751937367
2021-01-16,136839.55513880588,61094.295361403725,9304.61067407897
2021-01-17,381089.5217656174,180028.5695878847,12090.240772799705
2021-01-18,45204.41384506947,-19066.353512601112,3540.790103063162
2021-01-19,79902.81446100585,23037.082485880004,4238.4383557726105
2021-01-20,54824.80647275038,6893.547688644379,3689.9470058296574
2021-01-21,34765.66903298022,10830.375890442869,3106.4357616625202
2021-01-22,137470.61382373236,52771.90616829519,8071.054921377989
2021-01-23,85004.07241513394,17335.1806872359,4751.792413645933
2021-01-24,-11817.241881888825,-41841.84148885566,1862.722330306744
2021-01-25,101953.38500865758,30124.25790551817,8467.465347166304
2021-01-26,72769.05327795073,18817.688960637082,8716.339256830732
2021-01-27,67578.70963684609,22699.605259042,5771.180132000474
2021-01-28,-13511.053501547547,-22898.83808530157,-983.6400475969276
2021-01-29,278162.3682752864,124397.31003406493,24535.611364448065
2021-01-30,53622.977612461895,18671.973019099212,2893.7632228784933
2021-01-31,-25033.628993392223,5365.266354506137,35.50658115661645
2021-02-01,-145012.0509182373,-74668.43825726293,-15091.856644971711
2021-02-02,-155543.61100634723,-100433.65380958887,-14310.132682395459
2021-02-03,25794.49349611532,460.7341404898325,3580.385015345586
2021-02-04,101056.6267212024,55926.563113859156,5280.652372319208
2021-02-05,50838.69177303836,12378.58708706731,4511.52991807682
2021-02-06,90927.46566404402,26473.925574728637,1838.7687720515678
2021-02-07,-117351.01592559041,-80271.28238111048,-3879.9878623738186
2021-02-08,25584.0557716419,3821.1231364915147,3631.5120404974878
2021-02-09,-4519.002194209024,-5080.636526258197,1892.9109498911566
2021-02-10,-52491.29151112144,-37509.34300626058,-2529.5270316845563
2021-02-11,-83907.67033922393,-45641.076753349975,-2943.5208455929387
2021-02-12,-93100.61844899715,-44081.55381671409,-888.4450511264731
2021-02-13,-241395.9246135389,-86269.40133670473,-10974.708879348771
2021-02-14,-87128.12994829984,-37990.09717551351,-4089.2113330246793
2021-02-15,-110200.91765266913,-58988.31836449448,-289.85496622482606
2021-02-16,-29681.473632185953,-22730.15268262278,3142.1796193407063
2021-02-17,-61447.65958571364,-41708.0085473638,-3676.690519407566
2021-02-18,-138124.5551827848,-103416.34891151544,-4311.564050606874
2021-02-19,-265319.26046677935,-125356.06980848627,-23569.471100514915
2021-02-20,19688.48287941492,22140.894350864575,7011.8899975870445
2021-02-21,265576.8895559197,143675.77283924038,9912.494759043679
2021-02-22,104518.87935993774,70740.26714223623,4625.885858412788
2021-02-23,31638.134776404826,45128.1258955294,2776.8244300500664
2021-02-24,95384.50355543755,79889.20554441994,4083.267967819469
2021-02-25,139258.70550473407,106858.56368706434,7249.00792893488
2021-02-26,37403.263985587284,9172.115865075844,46.948405814386206
2021-02-27,-10349.814985882957,-23951.74663793668,-5446.066224038688
2021-02-28,-97729.41588316066,-46091.1511946558,1003.2468198697898
2021-03-01,-23053.10109607503,-17312.858544837218,-5171.470557993205
2021-03-02,-52693.49509624322,-39292.70826697128,-10553.307271084908
2021-03-03,-79640.21479494357,-39715.46797509119,-4130.493927635005
2021-03-04,-16445.928867790848,-9330.363553825533,-2849.0175621544477
2021-03-05,-16675.140364672523,-10971.35532621073,553.506006289841
2021-03-06,-24352.723925139522,-26470.39635618939,129.43152251849824
2021-03-07,-105587.99364230991,-57124.53001766559,-7212.48743448501
2021-03-08,-68051.20033179782,-22265.31935967703,-2695.939515296952
2021-03-09,22973.75581990485,29923.81038521696,525.5148581037647
2021-03-10,-119246.75045457995,-47214.084531140164,-5972.167708188717
2021-03-11,-73224.62531077769,-28810.414040053845,-6409.086583880489
2021-03-12,102389.62023372576,59270.28714406164,7046.731748324921
2021-03-13,-88.16011338727549,6054.632120227558,-2256.14341526966
2021-03-14,-38028.16823998839,-15386.17226814269,-4367.85723642286
2021-03-15,-55769.633222764125,-18842.005908674793,-5065.987558331835
2021-03-16,-97663.18952666456,-43959.33031969762,-6798.2194590025465
2021-03-17,16524.75971294823,18136.005114638945,-2613.0555868379306
2021-03-18,-119188.90657300991,-57385.653540434316,-8192.138495743173
2021-03-19,-57736.033047745004,-14794.832770151785,-3944.8814379749674
2021-03-20,-102853.40140730073,-16271.768971390557,-5201.851237719398
2021-03-21,-42107.53878621617,-14114.261649018037,-6661.935230984716
2021-03-22,-67170.96239850507,-16619.491459912737,-4227.301966768675
2021-03-23,-58100.62322613853,-13173.34981453896,-2589.010422093066
2021-03-24,-135491.20031279186,-51548.0144751718,-8555.19087414087
2021-03-25,-40873.43516793661,-7128.554347558296,-4115.559892191464
2021-03-26,-38765.64494294464,-3491.6361754644895,-1560.6204717445362
2021-03-27,-16456.832890673075,-9114.870351237012,-3673.0468346583075
2021-03-28,-49321.68061409821,-9529.35883160343,-1576.5195540264103
2021-03-29,-96997.93783364166,-49257.4302803115,-21.53481274553633
2021-03-30,-134147.39870443614,-73568.48362884624,955.0819728985807
2021-03-31,-76774.77965290425,-71349.90949031885,-178.99026204110123
2021-04-01,-88483.19530674512,-59775.527928804746,4879.8731145629135
2021-04-02,-169480.7872234939,-92816.41872586787,-6969.571374723877
2021-04-03,-29904.787108260207,-30804.574675752432,-1621.7017059535283
2021-04-04,-98103.74854314583,-73909.53084733838,-3548.7058829899615
2021-04-05,-66269.53318215557,-20506.27427831432,-3692.572231985163
2021-04-06,9406.670549661852,22184.442540787975,-2671.704542342428
2021-04-07,-2426.6947030327283,30322.950903876103,-791.4170596067706
2021-04-08,-113203.91953440895,-32139.142643863684,-4678.193536190753
2021-04-09,-63493.174302476924,-5243.316108616535,-5784.735308906136
2021-04-10,-30825.584448640002,5741.6953061202075,-1464.7285689556884
2021-04-11,-137778.05000478355,-44270.184886978706,-5816.354356472177
2021-04-12,49498.51049198024,-21712.887707045535,-4206.500934214404
2021-04-13,21239.012058212422,-12312.594420840614,-2347.405887344081
2021-04-14,-10663.551809862722,2520.179875289439,-2833.5129836500128
2021-04-15,111650.08737798687,57696.685749055236,-7175.021005834482
2021-04-16,62047.329984007636,17052.040987616638,-5039.635428554058
2021-04-17,38516.71416045143,27089.78479619522,-4914.132622807127
2021-04-18,132702.55464640725,96938.24613028835,-228.98807090240007
2021-04-19,81749.4931097203,95982.0144990494,-3056.6845507788094
2021-04-20,67717.41718951729,76729.89081963326,-5218.210526915544
2021-04-21,75228.6086684505,66870.75630913861,-4287.457724596941
2021-04-22,16074.225400245981,45844.20725480688,-3415.450083791249
2021-04-23,-86857.36279446096,-15497.671074806014,-1634.8867036906013
2021-04-24,-93703.58756567515,-26698.018144307658,-3681.281610530743
2021-04-25,-132497.0796606813,-65869.5976016809,-6849.522874286195
2021-04-26,-75422.95253883163,-25802.860912877833,-2358.7743906690157
2021-04-27,-121069.62418337725,-45460.83526707231,-4792.238366530437
2021-04-28,-47239.70054126368,-15787.203639898915,-2926.6429341089533
2021-04-29,-44970.386685262434,-25851.96747106209,-4158.0423993947625
2021-04-30,-50675.699434581446,-25724.371140643372,-2738.299297767473
2021-05-01,-91719.05344969896,-29681.06306402618,-2468.502031457683
2021-05-02,88064.37575737596,77202.69426203193,-423.4496581736166
2021-05-03,-45164.494050020585,-8557.440267244121,-4700.051016056008
2021-05-04,3906.198903650744,6205.959730611648,-1585.631672812131
2021-05-05,-99355.19912911113,-50644.404479434364,-6326.925566309685
2021-05-06,-47969.56979028904,-2004.2580544319935,-1059.5458557724196
2021-05-07,123197.90130789159,71486.3676896824,4363.818249186967
2021-05-08,19702.347786824685,10837.141050315462,-3288.0344328872015
2021-05-09,-104781.87987594958,-54406.75326956343,-4123.109796040968
2021-05-10,-17910.894806372235,-5086.13969782542,-471.9428049842245
2021-05-11,-35617.363153450424,-28571.251656995504,-4577.361515973476
2021-05-12,-23350.492539148545,-17349.73302868672,-554.9137986248679
2021-05-13,-84666.71695539472,-46533.183367552585,-225.28781244139827
2021-05-14,39217.60112507711,15310.480348664918,2647.7224615688756
2021-05-15,484.9004831435159,-3710.3563670298317,-719.3818356016127
2021-05-16,-95568.70895401388,-51732.47313291847,-7128.373863549088
2021-05-17,-46195.029005582444,-8578.571437727893,-3324.2320123438403
2021-05-18,-80074.3445757553,-16914.859171182616,-3993.187028879838
2021-05-19,-20710.647004053695,-1156.3466403080383,-1476.6827754530095
2021-05-20,3445.8361876313575,11895.92453968164,-2701.2121443869837
2021-05-21,-26586.44556552451,3460.4368866542354,2574.7083433127846
2021-05-22,-27450.45032509626,-6001.473138448666,-2692.1983951403818
2021-05-23,-95258.45126076764,-48541.202479697415,-5892.247312122112
2021-05-24,17719.026611386333,13032.103455315577,222.34267391664616
2021-05-25,-885.1110152385663,-1345.285012372653,1956.466963005645
2021-05-26,-18290.396218267735,-21631.701602664776,251.54513819445856
2021-05-27,95799.94645157037,22164.775746220723,4302.510322272821
2021-05-28,-238130.07437386364,-106563.24928668875,-20012.263210589954
2021-05-29,-15204.513616288546,-22903.57224886946,1052.0225986830337
2021-05-30,403735.9702168049,166807.40844435268,23653.940123813794
2021-05-31,-90430.54296291247,-100637.09726421861,-1937.2036441176751
2021-06-01,27251.351965636015,4090.1914355842164,1569.5508132346004
2021-06-02,-9108.471584668383,-9783.647097129608,882.3140304629924
2021-06-03,-55473.96565643186,-44184.70809868781,-3523.9911922356114
2021-06-04,44921.857876861,-3371.4776664254023,887.8464940363483
2021-06-05,21193.33169448329,-1778.4206092907116,1348.175720924788
2021-06-06,-89297.42586539662,-51351.78272739367,-3801.8168440550508
2021-06-07,43981.822085903725,27999.98461358098,454.21114914290956
2021-06-08,45851.17831052584,-6545.768253417104,1457.2097844890086
2021-06-09,76439.58883157,39592.90286079014,1187.5985674661933
2021-06-10,-15169.186981459847,-1641.9971843771636,-4570.586119713087
2021-06-11,81438.29054930108,48695.62053795566,-2712.4936666169233
2021-06-12,59713.81207464682,37912.72540195845,-603.108721581797
2021-06-13,-163007.00524708116,-81452.84861971228,-12433.299965474595
2021-06-14,33442.42232122342,18447.039440628956,627.8000580610387
2021-06-15,-9250.256800592411,-565.6184888579883,-4627.123773527783
2021-06-16,21360.68650676473,18215.179159858846,-2572.9935232735297
2021-06-17,25781.244931390742,10202.273845040472,-3081.1800330303086
2021-06-18,54570.96430259105,13571.029421633924,1331.1127583467169
2021-06-19,112762.66892994964,28384.32664817234,-556.4013300165097
2021-06-20,-51368.370968269184,7059.526164709241,-10062.401625748666
2021-06-21,96660.82553167478,49401.998917877674,4436.974358892185
2021-06-22,33442.16397157917,19418.676373917144,-321.45831622122205
2021-06-23,8155.018128667492,6015.308096092544,-3304.9577452389785
2021-06-24,-8411.066289766459,23477.30958524428,-5593.962076139927
2021-06-25,9247.697160291485,16247.361891521374,1009.5720605006936
2021-06-26,-43425.07141694706,6071.300401660497,-4242.13703374537
2021-06-27,-17309.599503268022,-30338.144963361206,-5127.759430789505
2021-06-28,129772.49971179035,61615.08973007032,1004.0509786368348
2021-06-29,85255.63854440372,25701.119868235663,-2242.8477878261474
2021-06-30,75708.78315230692,2415.2263628854416,-4147.7040157497395
2021-07-01,121377.756553096,3820.160816499847,8166.545463583476
2021-07-02,97615.23058821517,4699.416696596658,2673.4675571293337
2021-07-03,23289.021628546994,-11413.920063631609,-2276.759411618361
2021-07-04,553084.0635823484,240297.57465213188,34397.11749906778
2021-07-05,-233007.3007646962,-130116.46092835988,-24335.020695231593
2021-07-06,-778.7718560672365,-5546.243042237591,579.4211759665195
2021-07-07,42166.895665510325,10568.585210564197,2105.6639711566822
2021-07-08,54872.34501853841,14769.215252434602,1964.543785595888
2021-07-09,14151.699046760332,-10744.442420002539,-1454.2628739016654
2021-07-10,58880.78421542072,15491.809180434095,1364.343215877685
2021-07-11,-78515.1754393871,-54039.13912918337,-8203.78494020061
2021-07-12,127222.67075956566,44486.134781952016,7398.553183429263
2021-07-13,67076.87273666495,14207.858311529038,1293.311119777558
2021-07-14,49473.35924617853,7477.172096245689,1226.426267719391
2021-07-15,70437.79584377306,22447.8284867194,821.0323157075763
2021-07-16,87274.06762695033,33364.1061343255,669.4994002181775
2021-07-17,36080.50413938705,-2761.7619798744563,532.5988483743859
2021-07-18,9394.506892735139,-4167.703644742258,-3963.5132815116376
2021-07-19,117808.43168995762,39276.95541800652,6546.071578579053
2021-07-20,92372.03608745104,26078.707062885398,3020.638634158997
2021-07-21,83217.32798755122,27226.120470042806,2617.6691179033805
2021-07-22,84133.34524432756,33190.722656033235,690.2058041042037
2021-07-23,81839.37554586167,21673.800928376848,1177.7410271207045
2021-07-24,106107.73204075918,27046.27168724034,3082.562388001257
2021-07-25,29395.587460053153,6587.90624946123,-2191.3869271554577
2021-07-26,78286.34839689033,31756.42416955158,5414.209982591288
2021-07-27,66261.34664932638,23049.945999553893,2719.1820312500786
2021-07-28,67436.95497424761,24287.619907287182,4162.837638235098
2021-07-29,51981.45173858013,6477.736656900728,2561.706244858142
2021-07-30,64425.3752063876,12508.2558879219,5728.477274862918
2021-07-31,77720.18085066369,23649.28366487217,5481.211566092359
2021-08-01,49846.75043715257,12943.699953328818,5456.728927189819
2021-08-02,88180.0202745148,21390.97145600384,2808.0656271931075
2021-08-03,62119.162292184774,4156.73365871096,-702.7613904977043
2021-08-04,79235.39026700146,7591.9739398988895,575.6211404825153
2021-08-05,97693.12469201582,13376.701270129532,2568.8587357987562
2021-08-06,100415.90663670842,24862.17939970037,1947.3233654919604
2021-08-07,89973.41228495678,13356.217148401076,714.4218107201159
2021-08-08,59664.5534377601,-25243.751966695883,-2261.3984697794804
2021-08-09,77717.21436956199,4992.818824407179,-2927.515489508951
2021-08-10,24363.229925367516,-3262.1730148133356,-2534.9338996872684
2021-08-11,65044.48530463269,14208.213571586646,1029.6433628464874
2021-08-12,58688.4525650884,6388.551577817416,-1015.6688464294857
2021-08-13,42527.6883319933,9961.518976113293,-922.1037112164486
2021-08-14,11604.969657299109,-5558.093005348695,-3359.499877762588
2021-08-15,51262.350365079474,15069.791658787988,2170.323827856031
2021-08-16,77849.50907316711,29362.049988872604,4366.005332998917
2021-08-17,70764.38799091522,24690.22309181257,2461.3990237427643
2021-08-18,63418.818404512946,28345.887129548006,-3031.342326276237
2021-08-19,51687.924167875666,8566.442573055858,-913.5828137420322
2021-08-20,63427.417219314724,5521.840177605627,2148.131994297233
2021-08-21,26798.857174228877,-5399.13506778935,-1640.1072393765353
2021-08-22,-121808.89619752485,-47704.99514115392,-11519.285894084183
2021-08-23,18248.68627981562,-5384.29411540716,1670.1714345368382
2021-08-24,109016.99446119275,31024.02333786548,3769.9671389307478
2021-08-25,115278.22559587331,41212.9565779292,5532.389005600766
2021-08-26,146780.78867500275,45814.40178074967,4456.65324934262
2021-08-27,20098.275214337278,-13309.995462073712,652.5315314659383
2021-08-28,-34086.100440705195,-23444.431242773775,-3399.1343416749587
2021-08-29,-22956.143982665613,-11660.296401084866,-7366.124769737828
2021-08-30,51623.14246953884,23514.388452575542,1073.8373704687547
2021-08-31,60335.26992529398,9411.640935660573,-1167.8625539596396
2021-09-01,15692.689448828809,-15172.058504984714,-415.9762916714535
2021-09-02,-113937.5005425741,34871.50859722565,-8143.965918421076
2021-09-03,-269301.3032820204,-95916.55790587503,-22142.351333575163
2021-09-04,27776.222645268776,47705.04235595721,5167.078941571279
2021-09-05,468156.88940746523,240194.66611366882,30625.02877388998
2021-09-06,-118481.06121251639,-48667.74118526955,-12895.766624570097
2021-09-07,-88639.01870356826,-25790.154042202048,-1602.3313849125843
2021-09-08,-121622.23523217347,-52647.61802566936,-4077.993193449249
2021-09-09,-3960.1715291826986,-22213.432544329204,789.9571040769661
2021-09-10,80884.78243977344,55628.821705019334,7430.8124034364155
2021-09-11,43464.899486465845,44483.04208021099,1208.7811373619043
2021-09-12,-134418.17313323077,-55486.39560437796,-6251.625678084529
2021-09-13,53829.97921025287,31876.913951331982,4419.23333653147
2021-09-14,20683.5411359095,22524.9657468691,341.5486827799177
2021-09-15,10696.31049738964,30369.569372587604,311.8600720557006
2021-09-16,-49821.23705225112,-37449.888069737004,1882.1001777358615
2021-09-17,82779.52729873545,73918.94513537292,5135.01447389384
2021-09-18,-790.116397713311,34253.36694155238,-1148.5833415686648
2021-09-19,-126645.67649026401,-30797.740153734805,-4503.7510837775335
2021-09-20,-12511.149033032358,53447.21303247358,3499.610142601072
2021-09-21,-15867.415769367944,70891.6004051133,1769.9079935715126
2021-09-22,25597.352658724412,92582.53128773253,6604.736960487862
2021-09-23,65792.07330856984,105726.90744602331,5255.5861119890615
2021-09-24,78724.6348157269,83588.72513980838,5007.9756754310365
2021-09-25,99901.58236647304,61765.1389836329,6202.465692413913
2021-09-26,125682.51223608851,79966.71656721202,2475.778762818183
2021-09-27,192065.40883391397,136356.5859802314,6030.722292719394
2021-09-28,-19839.810723328963,12676.021026749862,565.2260866500001
2021-09-29,96856.60163779277,69269.85451054806,2940.714028618153
2021-09-30,79008.72230991907,59160.872489822796,6382.509705548844
2021-10-01,162032.64937318536,83646.36938152718,3651.092987254524
2021-10-02,63557.325439449865,36010.16319587943,6241.379516831192
2021-10-03,17244.986615171656,30792.115494757425,5197.866334657476
2021-10-04,206745.67247382924,113885.58622069797,10801.284542390218
2021-10-05,227683.4914829689,90000.0878052169,8232.923508809428
2021-10-06,65280.82104155747,38330.65336730098,38.70042888665921
2021-10-07,140335.52326287003,79849.52467681235,804.0093951669987
2021-10-08,74491.24342867499,50399.09259303962,3007.7350034084666
2021-10-09,94976.78264657548,44490.020654206164,3171.2521350130264
2021-10-10,147636.50452759024,72321.98321363144,1409.5429001521843
2021-10-11,-281967.1528434588,-188389.5958583129,-10213.211771119823
2021-10-12,270535.77021973534,183668.26619990938,9473.237195050897
2021-10-13,119774.92703938158,66645.40544241434,6540.731214950516
2021-10-14,123087.77662256174,60288.04583545169,5150.325076636902
2021-10-15,97930.08814211516,40502.30735017103,2408.1813456537348
2021-10-16,113572.38320395071,70669.73818122246,3399.9572477421607
2021-10-17,64853.31549289217,30904.602655160008,3934.1535518559103
2021-10-18,170151.00247342838,85102.96257510828,4726.896714821458
2021-10-19,152421.26388014248,59372.29205961083,5069.817807954489
2021-10-20,105111.38660050696,47519.779097698396,3913.4810969688115
2021-10-21,124466.13309387583,28532.994962718803,2354.7636812523706
2021-10-22,100086.5146494871,32928.34511377127,581.5280028300331
2021-10-23,93428.07490933826,15244.49103610986,-2161.6144079930964
2021-10-24,47632.529625795316,29757.327139792265,856.9930024261557
2021-10-25,148944.42643228965,73260.90627755155,6796.401595080519
2021-10-26,-170059.10834672116,-111149.46173450258,-11311.547974120607
2021-10-27,80403.64805120975,4617.06411690684,3287.2016018937866
2021-10-28,168964.64075705688,67213.19125743513,9361.677560724434
2021-10-29,188315.28512456315,77171.16010074154,12504.02683377589
2021-10-30,85912.4670138252,29928.72557004774,3184.678274021033
2021-10-31,155384.44929570518,55074.36143238982,3836.3404874937114
2021-11-01,185786.41215522308,77503.403428511,9494.24868504236
2021-11-02,-97139.12227092357,-95386.68701898016,2007.4818092317437
2021-11-03,148293.31537121907,50855.66927043605,3016.827333866022
2021-11-04,242835.96292943275,91567.68559025764,6928.098623380705
2021-11-05,148316.2251767204,44998.084529903485,5241.74783384506
2021-11-06,109953.17336247489,31591.489169862354,2572.704711328115
2021-11-07,262320.77226473903,10481.854924890911,6886.386062592574
2021-11-08,164710.36416417593,61515.94874003949,3643.1095847719116
2021-11-09,188716.2613047012,72105.1478370321,5121.695751430307
2021-11-10,87777.9604335581,5773.535042279866,-744.014401774577
2021-11-11,197950.2165008937,44271.056013267254,3626.7281910141755
2021-11-12,111912.30420622416,10022.245351574384,2201.9263277576247
2021-11-13,166470.38977285894,16094.981922181556,3664.030632370632
2021-11-14,130313.1703442838,31353.339243435534,5129.159465880686
2021-11-15,177141.8899981184,43339.45185280172,9160.421185033163
2021-11-16,198063.73874763958,53498.640951050445,8140.578870090059
2021-11-17,98904.80843259953,21028.569664108334,1055.4388697431277
2021-11-18,405057.03617464844,163640.61918960325,11771.986575826231
2021-11-19,256175.97230940405,70960.09083789052,9705.113978314446
2021-11-20,153129.65015769424,45059.163763961755,11743.892423258032
2021-11-21,166665.7297301176,64680.792112010065,10822.445840059736
2021-11-22,299817.19709701603,66668.18274750025,4972.79267345072
2021-11-23,495553.08401163155,133614.5369804178,16465.433518545295
2021-11-24,545011.5081337146,173172.28217303986,26783.76552954949
2021-11-25,-646127.8205237761,-391805.17146654334,-9827.127396409836
2021-11-26,-68250.19200745132,-70218.2045589562,-3950.117240093299
2021-11-27,244345.5067668138,90809.03066000994,5888.576474960442
2021-11-28,68589.24748415174,19171.27225045301,7018.53816531082
2021-11-29,139791.5592128206,42353.58892777469,15974.250005367634
2021-11-30,197674.37404195545,109517.66844314453,15151.44178602776
2021-12-01,135497.3750630538,35516.50468574907,17257.390900363665
2021-12-02,375777.64222482033,141030.3273918808,16807.441352799244
2021-12-03,348349.4327230323,95694.43275899091,10603.792995808326
2021-12-04,230695.1922652321,42315.39128208347,11516.165504564022
2021-12-05,172516.92235162947,60501.667568786535,4430.39152990462
2021-12-06,188397.64958834648,68302.30766750174,8476.36599523366
2021-12-07,191208.18670295458,44891.89475550526,7492.054642271571
2021-12-08,221975.23234861065,33711.69087821059,7792.421569744052
2021-12-09,376822.7620037785,129047.91708049667,10988.122283443241
2021-12-10,337229.32811175287,81111.12301010638,10269.958482742833
2021-12-11,158024.28119165404,-28543.110199662857,7237.378894113921
2021-12-12,122696.96585518168,-21504.910972494632,3685.625828474833
2021-12-13,178490.49811225757,24229.83562998334,5926.767570897922
2021-12-14,203605.1728629889,46330.59891637787,10218.891305272671
2021-12-15,121801.15586620383,62361.37711893371,6765.334877585832
2021-12-16,336608.0697910497,208140.55780773587,15603.58515134947
2021-12-17,439583.83307091333,293933.34426569217,27109.52579087793
2021-12-18,-106281.84745682403,5823.85539055476,-5782.9915684846055
2021-12-19,-99368.93827359797,-20822.192679169588,-10305.45540095125
2021-12-20,7142.747990709264,38530.25964250276,-3901.0763635158073
2021-12-21,-119280.70662391186,2211.313985310262,-9871.138878248457
2021-12-22,-91188.09467129689,-657.7184084448963,-12937.067384119015
2021-12-23,-136826.92043933272,-42589.72604282154,-13392.301348647787
2021-12-24,-441579.3932214142,-172509.1181770059,-17421.887572309206
2021-12-25,28019.38811111776,70955.21766116377,-3564.6659326536465
2021-12-26,173134.6354794968,99062.25099364831,2780.539200263229
2021-12-27,-168236.07089744927,-92492.3149697961,-15705.601707774447
2021-12-28,-203408.59061328322,-104498.77909160685,-16127.835636614924
2021-12-29,-275325.6863544476,-142269.78402419842,-21386.738247798727
2021-12-30,-361939.7261818256,-184454.67214875226,-21627.658741057065
2021-12-31,-508670.07043631095,-214901.43494236702,-21884.66117967147
2022-01-01,-40567.19848186057,24860.37415008433,-2170.1207783071877
2022-01-02,-32286.619542536326,-1497.767558589112,1764.3256254536682
2022-01-03,-140988.02038028138,-52646.980606406694,-13499.708403812008
2022-01-04,-286789.3836015174,-127295.02030879934,-16004.036362253188
2022-01-05,-317707.16190025024,-142692.3713405711,-17326.32350361494
2022-01-06,-223427.70810170332,-91710.19405007409,-13040.998682452293
2022-01-07,-288347.7269532783,-186030.96610105713,-21864.982995712955
2022-01-08,-243654.88777063508,-108019.286639728,-15942.92755987926
2022-01-09,-358514.52227957034,-141758.27032832708,-21307.9429060025
2022-01-10,-106041.37459626934,-14952.148402333958,-9208.181397105218
2022-01-11,-359863.4226205847,-183735.954585079,-21614.9957529815
2022-01-12,-247124.15877427626,-95046.55250756443,-14735.480245836196
2022-01-13,-176231.55401104735,-54802.343599125976,-9247.376270022389
2022-01-14,-61451.19130952982,9433.187073648209,-9138.94069631488
2022-01-15,-147945.67297007702,-74481.7485027553,-1250.2914818742283
2022-01-16,-53403.36980423797,-32265.153589250054,786.5740530805051
2022-01-17,-639528.2339321962,-328669.7466881126,-21822.605718277642
2022-01-18,-92840.79464553203,7668.489160408499,-8845.78015345383
2022-01-19,-132260.84457176598,-26160.56403010618,-7585.851825213103
2022-01-20,-155891.5952147711,-56233.14863514202,-9855.127922275104
2022-01-21,-78793.77880706871,-34522.82692163857,-6858.783897561807
2022-01-22,-104353.9528167583,-42731.95881933812,-4155.355332224601
2022-01-23,-162161.41996679595,-34748.83175802999,-12854.281080242683
2022-01-24,20645.36626746133,66595.65407471498,-3204.556220096405
2022-01-25,-114280.16308291443,-9954.565537597286,-12150.161200594972
2022-01-26,-122480.69418540644,-37284.286391277565,-14219.460664147293
2022-01-27,-96581.08528089337,-31725.68209561077,-10446.382766748371
2022-01-28,-41391.32189702522,-689.2181520673912,-3906.901345372564
2022-01-29,-425031.4859610158,-220596.35069756175,-37554.636726321056
2022-01-30,-103040.31618070183,-58410.503712113015,-11151.86387033193
2022-01-31,43862.93189661205,12605.197719764197,-175.24530145103927
2022-02-01,176341.27601801418,77923.58378198184,21073.394905246605
2022-02-02,213181.4259299431,117811.26486256206,18999.448842501355
2022-02-03,35562.316563297994,31745.94892227347,-622.8073860618606
2022-02-04,-8321.644568002783,-17569.90425390168,-2035.6623660718906
2022-02-05,37326.302048143,14097.163717391668,-335.8922298661346
2022-02-06,-152259.13373450143,-55409.52586193546,-7967.277105569083
2022-02-07,186164.08057386335,112692.92613396049,4818.315221814206
2022-02-08,-12310.936603059527,-3112.6272330880165,-5174.68962481209
2022-02-09,28868.218240052927,16522.83039306733,-1167.075095788532
2022-02-10,69897.29060692852,43292.67004513508,4199.171803112258
2022-02-11,103526.7420563735,63146.76188034238,2678.023199854826
2022-02-12,207469.76795005146,92305.43588711601,7852.5683656701585
2022-02-13,93419.71993772965,15511.321508303983,530.2891861073731
2022-02-14,141080.67677607806,38306.48675529007,6101.6815963197005
2022-02-15,176622.21397879953,72105.99752827664,205.32086510307272
2022-02-16,81824.55716752261,34417.47205554065,-3358.4376564310223
2022-02-17,141826.1498903795,62959.4238584179,4147.832913645427
2022-02-18,195016.146382167,140680.65980462357,5588.580077914608
2022-02-19,197882.89662629506,125329.47828608542,16704.938927057592
2022-02-20,297398.3667441397,100308.59463290684,16553.859866677987
2022-02-21,-405852.76251436863,-220916.88614688208,-16944.339264166323
2022-02-22,-121546.06151728984,-89950.83289363002,-7721.479884295346
2022-02-23,-20557.94390962785,-56145.673295583576,-2620.8684200768475
2022-02-24,-80222.60470091831,-93073.61995763774,-6881.780156240944
2022-02-25,-190214.37385511352,-178775.4357645677,-11818.727751457554
2022-02-26,44150.49289126927,4886.607278524898,5473.581260520892
2022-02-27,23564.45048754476,30649.94856573362,6316.958343982886
2022-02-28,239955.47288503917,98733.54743054044,4111.214914506025
2022-03-01,70756.09518042859,28354.676555263344,12030.799173919004
2022-03-02,116312.79605443869,65098.13220488629,12141.894770373576
2022-03-03,117421.35831374442,43504.8962592294,7660.304157128674
2022-03-04,93181.3664611266,23497.929342467804,3783.4393960984453
2022-03-05,109093.68574761832,32483.835967624793,2429.0045166049968
2022-03-06,17823.347762447316,8114.50018146215,-3575.9583203030925
2022-03-07,155404.8244601325,68914.30209394591,8852.694810302462
2022-03-08,125843.65411907714,36599.997489615576,3339.95983821759
2022-03-09,-2460.639447182417,-52757.26860132115,1020.0030827751616
2022-03-10,198543.47178986017,75343.22343017277,11213.886018424499
2022-03-11,140967.24900085712,63096.90320052672,14979.049411862186
2022-03-12,-109109.28277836926,-91711.09987190994,-8095.685282609673
2022-03-13,46800.09304264095,8179.309814313427,4412.981335780991
2022-03-14,155640.95652322425,71416.28666175692,13120.29282614417
2022-03-15,114958.0064065298,42014.17983980989,10260.946653981024
2022-03-16,146253.8953046752,62829.26420403784,10577.022212919983
2022-03-17,2798.0544732618146,-20505.94660070073,5677.74098384165
2022-03-18,183593.78406484379,66060.74861014332,12179.507481732697
2022-03-19,116981.6011648965,48647.55108673009,8256.203182075202
2022-03-20,180548.7312261043,23275.996094576083,8369.47014615123
2022-03-21,74441.22866171878,19005.706742990064,9274.627365151391
2022-03-22,134489.17670642352,26376.68539584987,7629.739051815617
2022-03-23,121477.58743366553,24451.411649955437,5488.188443253515
2022-03-24,137879.57582295872,29751.414584122598,9641.307625779038
2022-03-25,150208.98577134172,47587.85659473529,8400.952870906272
2022-03-26,96196.06669471972,4475.303581760498,4415.247601564799
2022-03-27,74385.60555764008,22547.930048923707,5691.664169636555
2022-03-28,116106.024648224,12600.77979970863,3507.2722365496447
2022-03-29,160740.9428459704,45359.80101072416,1101.9983660765283
2022-03-30,169689.39836775046,76700.72438060679,3439.2819395833358
2022-03-31,155644.75631756661,95645.17444746546,6087.945459565177
2022-04-01,187819.2919532461,98526.9148909126,287.6942060641886
2022-04-02,243408.25673346734,123538.0928841366,11900.460267384566
2022-04-03,5609.3764633005485,15036.97135895677,4160.40529923336
2022-04-04,150807.26212317776,86206.10620370577,7250.549963988655
2022-04-05,184538.77611257695,63567.82624045783,7293.374191436771
2022-04-06,175796.22262173193,31605.556950301398,7758.484795034892
2022-04-07,172026.18795168214,30203.021947390633,4254.811762506259
2022-04-08,198527.67029057816,59629.87887875014,4337.891798354423
2022-04-09,160773.18448347598,32450.248497399967,5266.105794774368
2022-04-10,217833.65313556744,70966.65273880982,4705.145494412718
2022-04-11,329701.6311199288,126881.44180722116,9823.280382453377
2022-04-12,38720.40925432043,102322.68486456247,8770.090479577892
2022-04-13,56995.566628237255,73491.93023386947,5109.920215821214
2022-04-14,71267.66997410823,26223.700775193283,4988.713420007989
2022-04-15,-162821.55028204387,-111037.61172399053,12005.566453957668
2022-04-16,-19583.338338301517,-20268.005158083513,12689.004751657281
2022-04-17,6626.25505003985,-31574.650861601112,10103.894504662225
2022-04-18,-184147.27920154296,-159108.84560276556,3661.1958775225794
2022-04-19,-140219.6812311234,-178916.42418607115,5345.335510934208
2022-04-20,-137429.07501814514,-144044.2330644132,7417.950183635636
2022-04-21,-99864.2207036782,-101912.30047970894,6852.857156074519
2022-04-22,-60897.14401499182,-83122.89851965033,3688.894779472437
2022-04-23,101131.8007966415,13792.215974436142,3288.932896114129
2022-04-24,80145.55022074515,9099.694942212664,3566.058401978633
2022-04-25,137144.44402368506,76972.02721759002,9214.540938415914
2022-04-26,65519.88634476345,10014.492605517618,3583.6072056186676
2022-04-27,134147.44944019802,44118.373405908234,5522.363818055863
2022-04-28,56875.6037038411,9805.912828813074,5051.092152722616
2022-04-29,192082.1079602153,101735.2411349772,12298.661676624615
2022-04-30,125942.64085368253,66679.43848637561,8954.160594771238
2022-05-01,54024.86773002893,14988.500500261318,3935.7658685059287
2022-05-02,-143114.95631620707,-119719.96111491532,-63.43127101918799
2022-05-03,87393.19206680078,19155.015937610995,8628.608915656543
2022-05-04,17642.729291132186,-4192.359584362945,3174.952047234139
2022-05-05,139701.93290770706,69229.52606554143,9485.902629491233
2022-05-06,23268.548052430153,-29668.176615165547,-2245.6967510159593
2022-05-07,-173035.9331754269,-107025.45342312008,-5449.324553555809
2022-05-08,-38738.10442546941,-29938.478402533103,2918.2652122938307
2022-05-09,208451.93194896262,94591.97569812112,7581.287591012166
2022-05-10,62014.99371993728,17866.193415026646,751.3909280365333
2022-05-11,52477.64542513434,26511.998751149047,6949.633993873984
2022-05-12,53320.066976563074,26093.376379860332,2390.2303606408823
2022-05-13,97978.46087138914,39286.56540560769,-46.678274175705155
2022-05-14,56141.145446669776,-1335.5876744564157,533.0034333354561
2022-05-15,-6313.073777872603,-11078.892797181848,-1647.4887514824804
2022-05-16,178129.94000260998,80655.70152046974,10932.702577209595
2022-05-17,93692.70557858702,19216.102419512114,4718.320770836581
2022-05-18,126102.68690966442,27847.948424120434,5420.681813389441
2022-05-19,42734.68807010725,-12552.470320049906,1641.1039981646463
2022-05-20,84064.25476175174,25514.8441620823,8645.063490246452
2022-05-21,121469.83142403048,20259.96553125116,953.6504095504351
2022-05-22,-10039.833345471881,-19758.64758085506,-1597.9528272598982
2022-05-23,211456.39076663693,100480.11157453316,14653.19988328364
2022-05-24,-11324.179679553956,-15481.306174322963,2107.656783706858
2022-05-25,12419.106510925107,6271.598515922669,-1671.977343065315
2022-05-26,54931.44841213245,42158.34486225713,899.6252342400549
2022-05-27,-106924.00788393058,-20456.44662480522,-4600.61824975934
2022-05-28,61805.943795709405,54226.084951683646,10183.42404124618
2022-05-29,428918.1634353525,206110.80979080475,27208.01052289791
2022-05-30,-626199.0607346995,-283959.2198809517,-42945.886911649606
2022-05-31,138217.8771263007,139486.26404610486,2966.7496957724215
2022-06-01,-32436.856461911462,-4100.050274424721,-379.6292483882862
2022-06-02,12630.71590441605,16706.858912400436,-516.7236572897818
2022-06-03,124655.34860819392,67609.75079723494,6550.429204609827
2022-06-04,54639.301817392465,42823.28860031441,2099.931982623064
2022-06-05,-126412.19706441183,-41594.604562374996,-7676.588544245373
2022-06-06,212734.95651118876,111538.63940478396,12175.602799781918
2022-06-07,12931.195668421686,-18563.486262851628,4257.255563460378
2022-06-08,168005.7886133478,91127.66941141128,8230.663772977772
2022-06-09,-18621.802665867377,-24574.402205026243,1782.2020124029077
2022-06-10,52430.8055063677,21348.349485841114,5992.35492505462
2022-06-11,2472.5135719799437,-18762.976220736047,11710.341433643422
2022-06-12,-171777.5844945386,-87724.58135208883,-4210.086305229546
2022-06-13,283434.11031130934,142924.58815976465,17151.85057902345
2022-06-14,33289.934369679075,9349.721159807872,374.10464138674433
2022-06-15,8353.502780354582,-6517.162023724522,5798.854424946418
2022-06-16,40918.58096565213,-573.1277305399999,5649.858518774796
2022-06-17,13413.516478668898,7642.906776448013,4212.704692373198
2022-06-18,-12498.207662656903,-8146.064677979564,-672.1611649078259
2022-06-19,31558.824266725685,28970.553849433316,114.86471749003977
2022-06-20,-97206.45814738842,-72956.10624201177,6321.753413443308
2022-06-21,-82574.40686321352,-47161.48440513853,-5683.104836007493
2022-06-22,-21343.466165412217,-18123.128912863554,-3340.3004588187614
2022-06-23,22921.381169660017,7616.3317783800885,2482.4124704329006
2022-06-24,53566.37397142919,-8214.652828020044,9477.474017274973
2022-06-25,-14812.707033623476,-4724.2526651469525,-2654.6530634429946
2022-06-26,73231.7249211804,-15383.559374485398,3523.3560642153607
2022-06-27,56558.72996574361,44037.50175567041,5076.755946111487
2022-06-28,-66248.77842519293,-46176.08994974173,3642.1179291577137
2022-06-29,-52008.36290819384,-18374.359815991484,4006.360475620546
2022-06-30,-38177.45492597204,5065.903384919977,5592.218257154949
2022-07-01,-108218.53730769362,-10887.082930570701,-11273.432574577542
2022-07-02,-107174.0735026896,-5738.12497867411,-3911.9592259686615
2022-07-03,103656.79591821413,65478.201652445365,14918.191280845174
2022-07-04,-403575.27270362666,-194582.6138499498,-24140.696117044077
2022-07-05,174546.30504610576,113407.87810204364,18373.417517771537
2022-07-06,-35226.59914084012,-4204.063975483645,-2221.437355453905
2022-07-07,-69745.39723687107,-15012.066050294787,-2382.3239052309946
2022-07-08,-59734.83351460844,-12632.296251861844,-2198.270563922124
2022-07-09,32749.342009960674,33136.17052800441,3926.151737856271
2022-07-10,-94636.9649699512,-25652.519773646723,-2704.865403709089
2022-07-11,110659.33440599497,70052.64305231697,8815.113253195945
2022-07-12,-113334.70985069498,-42565.76917690341,-5075.736462788511
2022-07-13,-62161.51333224727,-17151.70395373809,-1600.47424286991
2022-07-14,-27009.05680762464,1674.054326190846,-806.8670054650574
2022-07-15,-57104.148108917754,-24162.221147694392,-531.4811593328486
2022-07-16,-4748.3267587698065,-11859.611267567612,5271.036245392228
2022-07-17,-74447.71264604712,-3734.2176014480647,-3765.3646680066013
2022-07-18,-39160.60282811336,-2745.36307196063,1135.1319704195193
2022-07-19,-105662.48705343483,-23428.721762460424,-6933.046775777359
2022-07-20,-110981.63716327585,-16055.220850498881,-3699.5196776987286
2022-07-21,-87116.70584145514,-19718.738103254,-3282.8561947527633
2022-07-22,-128993.07455244754,-40943.38623078563,-1547.37928325549
2022-07-23,-135662.79110382497,-38130.00503695267,-4642.584081005683
2022-07-24,-162870.99593233457,-44357.27890088782,-6802.746946748637
2022-07-25,-69285.51653492125,-8254.24243694893,-368.187670259038
2022-07-26,-90074.10709595121,-32330.263952592853,-4102.658356205124
2022-07-27,-51448.680053547956,-16326.818742766045,-926.72835420302
2022-07-28,-71414.49126258912,-23821.603964705253,-6424.887549630046
2022-07-29,-23734.21845397912,2388.4363036793657,-1734.2759329546825
2022-07-30,-95029.66617479594,-16159.213194777025,-12263.461209020665
2022-07-31,-99452.707469251,-27846.590601239586,-9518.101133696415
2022-08-01,-82828.22000564728,-24208.2429588479,-9943.37960191851
2022-08-02,-114611.83279511426,-21507.12743067555,-5913.658754661243
2022-08-03,-106741.38771173218,-14155.465545055922,-4183.573492054769
2022-08-04,-115060.92656724853,-14463.778240947053,-281.66203627586947
2022-08-05,-152679.5134731126,-23725.530020452803,-4781.896448262996
2022-08-06,-122916.60589127941,-33569.544296145905,-2402.665349778079
2022-08-07,-111471.55653209658,-14693.340502748266,-1306.2127733560046
2022-08-08,-79643.64884623,27040.667502826313,2848.469790223986
2022-08-09,-117501.22631563107,-27552.536563337082,212.01814950886182
2022-08-10,-22512.353807984386,7282.239694108721,2453.8561575749773
2022-08-11,-91798.97281535994,-30994.851838047616,-4481.180658879515
2022-08-12,-51205.16133657703,1926.1544845532626,1656.5903543861932
2022-08-13,-30240.51687239809,-3789.267211915925,1609.494354969036
2022-08-14,-23087.79047339596,-7032.893865886144,2084.9654387609044
2022-08-15,-8798.395779217593,779.0884522779379,-411.05796657997416
2022-08-16,-62399.78892119927,-31519.684650507756,-5636.641691534838
2022-08-17,-58004.50800453313,-31384.912926069926,-3764.4963033365784
2022-08-18,-62784.11435344815,-34230.48154298216,2572.0630147012707
2022-08-19,-83199.25884258188,-18891.917912209872,-6509.681383522082
2022-08-20,-48574.49182584975,1233.5502052339725,-475.0223020806734
2022-08-21,-36718.04274396459,-2148.9923135163262,-199.59583218535408
2022-08-22,214072.39915967593,75797.72992290813,19344.839723268728
2022-08-23,7612.489029876422,12457.177602148615,-603.2877390377107
2022-08-24,-87607.71819407586,-19210.028911416186,-2322.1200556895637
2022-08-25,-65009.77890141355,-22021.176689658547,-1860.391500461672
2022-08-26,-176557.4744830057,-65352.28538283007,-2575.5796749930596
2022-08-27,-1038.5124484905973,21102.999838706804,3714.903521128639
2022-08-28,-2648.103376789484,4955.228737185942,-1446.6858983709244
2022-08-29,110247.93672747025,48868.21578840213,12347.390683500038
2022-08-30,-34361.92956884811,-5449.931595934322,1289.2512112172844
2022-08-31,-54166.27811944857,-10823.166280872654,2618.3582435029966
2022-09-01,-490.6375974533148,36495.162382746814,5375.723065642087
2022-09-02,151769.6301226425,-48030.154498875374,10811.64424992053
2022-09-03,154478.0365362824,52073.295000385726,14626.034418210911
2022-09-04,331834.7122749761,101897.28465307411,21442.22191000791
2022-09-05,-722061.9089406584,-382159.66269271413,-51639.85840317255
2022-09-06,191892.70526790433,71257.80785876629,17319.42356805777
2022-09-07,146847.25189365214,47418.18257353897,5677.480969222117
2022-09-08,147206.01476647472,78315.20430055074,3607.656814443588
2022-09-09,49407.50820922712,71578.38586692023,126.34553152063745
2022-09-10,39097.46226183046,-3064.642793925712,-3219.8459432257805
2022-09-11,-164268.0257491935,-99309.15723359305,-6341.550980432221
2022-09-12,256559.86174952518,119605.46290407889,12250.462357714336
2022-09-13,7124.178789074067,880.1587053115945,-1509.8010092140175
2022-09-14,14567.033829757478,-4159.848976587877,1275.5199041559536
2022-09-15,-31957.05359962536,-27740.942797961878,-1371.9585918554512
2022-09-16,89499.39685000246,68592.35707419133,-530.3322655251541
2022-09-17,-38965.51214847062,-45530.70110323047,-3978.746105465194
2022-09-18,-66109.18389838142,-39111.98134801863,-1184.14334742527
2022-09-19,215859.2662096792,103481.28916883608,12967.386014243035
2022-09-20,50842.35883245058,-20534.15473843366,-2057.440758630517
2022-09-21,88291.95976345055,-36482.148285068106,2489.937363616511
2022-09-22,-106625.00873049488,-131320.0849017275,-7398.058313252113
2022-09-23,35801.39384432137,-78813.51492527826,1995.4370700595318
2022-09-24,34184.794360232074,-47742.8324155123,1420.5946842764097
2022-09-25,-2404.3604793325067,-7621.050080647692,-3316.610021883331
2022-09-26,-169417.9907999765,-81831.43744600867,695.4011215577484
2022-09-27,-305660.86552351667,-192860.88236284174,-5820.86142521273
2022-09-28,57959.45673379628,17754.438919791486,3622.152292625833
2022-09-29,168120.77280098246,2827.6553154340945,5879.242014893534
2022-09-30,-83173.23486372689,-59068.81190792029,-6570.3640790929785
2022-10-01,-237255.45181935374,-125836.49670828693,-22036.21154459362
2022-10-02,-255891.92935826397,-137684.23333541176,-15058.24650481387
2022-10-03,174644.50188889867,41604.38117797626,-1533.6462993921596
2022-10-04,-117402.43560781097,-90791.33943415224,-10986.83560411146
2022-10-05,-426100.86129161716,-228910.29657103645,-16877.879567562108
2022-10-06,-29405.221356966067,-5924.418204800459,-352.5794795838301
2022-10-07,27743.4782383102,7371.577169768512,10277.889048200275
2022-10-08,-8087.302999019157,-7718.665317671839,9117.579379809496
2022-10-09,292444.1360262139,91296.61489804904,14224.01175873325
2022-10-10,-389852.66177416407,-209796.6818239959,-10410.623146430647
2022-10-11,159293.01039552363,105141.9833745542,6651.922608114517
2022-10-12,60880.06656498276,44296.44566654018,-3373.4569593385677
2022-10-13,-102212.09858732857,-57901.59173475555,-6303.667860586342
2022-10-14,32193.245634053368,12738.55379358423,-3129.3176120925636
2022-10-15,-37063.75806416571,-13254.962486690609,-1828.7617282423016
2022-10-16,-117751.40428629238,-18488.52512148209,-6261.461198986741
2022-10-17,44757.73809925513,33579.47287737159,-1471.454370763502
2022-10-18,18103.895053818822,10298.059201617027,-2031.5001980247325
2022-10-19,8472.343179976568,-4263.2183163950685,412.6086085018178
2022-10-20,-30871.31355626788,19724.76964414236,-1394.8294556214532
2022-10-21,-11037.203959447797,7416.2095355044585,-1231.5698419866094
2022-10-22,16329.084166605957,-8617.961075223284,-1164.9685018903401
2022-10-23,-156251.0881072278,-42864.14629594935,-4972.600695670291
2022-10-24,27357.89346709149,18345.68098735879,-1616.0598818251747
2022-10-25,-8657.669354334474,2931.6778925238177,-2884.6234655168955
2022-10-26,49684.87694691727,40541.38963943557,186.09334792612935
2022-10-27,-27596.13280361658,-231.69653253024444,-5854.008679583349
2022-10-28,-60541.130199430045,-1319.9997655029874,-9520.048430748255
2022-10-29,70471.83184462506,39421.504687131615,-5626.425920918875
2022-10-30,-11325.85871260427,35178.179600070696,-9961.632383229531
2022-10-31,-6071.477372686379,9071.223575775744,-98.42709831739194
2022-11-01,1832.9736752519384,26689.073843581136,-1253.9478299233306
2022-11-02,-28658.903136379085,36135.079943508375,-5917.731102606078
2022-11-03,33525.02905465616,44488.91966282786,4943.571850469452
2022-11-04,57669.41555568809,51416.148953576805,-4098.315878214809
2022-11-05,-155334.0375820347,1906.6506697291043,-8396.793714503234
2022-11-06,112738.75749685755,-33573.470079175895,4493.027871297032
2022-11-07,79196.47673937026,75049.3618155024,-2005.0010210182518
2022-11-08,-229954.40376757178,-101056.68779807654,-3574.5286929403956
2022-11-09,-139775.9034729381,-54053.805136054754,-12567.779927689699
2022-11-10,141680.88311493397,75297.00607588491,8529.519097558252
2022-11-11,-236199.30372087518,-123402.25036194013,-5848.502194957953
2022-11-12,-16176.650138912257,-4915.927048630081,-5177.531094599573
2022-11-13,-69506.84492604434,2726.198044662131,-5304.255891747976
2022-11-14,-83768.6386958086,-19265.068370905006,-5765.76112616717
2022-11-15,-26830.690293151885,-1420.4168710510712,-4900.940912514605
2022-11-16,-182128.76784363156,-74193.53762820433,-16525.57574264481
2022-11-17,118833.18708005548,58765.74067954277,2803.3455988456262
2022-11-18,96095.97010657378,41601.933116812725,-220.08056839788333
2022-11-19,-141019.14884337643,-51482.21326561668,-7781.208617446391
2022-11-20,-137675.07263067132,-17993.607123195427,-11838.720566412143
2022-11-21,-20471.024616100825,-9692.854480256792,-4640.093680959282
2022-11-22,107738.44331057649,61123.41898290627,-8655.449648156035
2022-11-23,468698.5689246068,229324.16543286573,41599.721512279706
2022-11-24,-980259.2082013676,-385235.4697562043,-64884.57844221976
2022-11-25,-348449.6990193934,-91966.30403465731,-7148.489268442296
2022-11-26,72464.56871110015,103756.0477896966,907.1175627946213
2022-11-27,-175420.57681762287,-25668.616570939776,-6785.827715037536
2022-11-28,-77198.78519402351,15270.132056222996,-343.2680275849416
2022-11-29,-105701.71438507456,23067.081195594976,-7953.449763942801
2022-11-30,-251861.83858688502,-99973.09299830114,-20708.387883905525
2022-12-01,151323.56696847407,87703.2774651018,13839.602273995552
2022-12-02,95349.18374437653,59718.55628591427,-3784.8324923533946
2022-12-03,-151767.59321129508,-83032.94104760117,-10346.044545844052
2022-12-04,-93122.43779690005,-45263.56696211407,-10169.30632320189
2022-12-05,47302.51314079482,35295.413018847816,180.0027529783838
2022-12-06,-67171.4739120896,-43700.12204081542,-2223.984302147961
2022-12-07,-109516.5777485664,-45984.62016107584,-11239.8315251061
2022-12-08,208614.24085889477,93932.78780223476,6113.983622756059
2022-12-09,92936.82487733755,56939.50187964598,-7187.632324329286
2022-12-10,103496.05318475235,3761.424936382333,3927.977787431737
2022-12-11,-259360.0328615075,-82665.22231510235,-19083.185909637978
2022-12-12,71668.0991401677,62431.8608717639,8204.835963765683
2022-12-13,-23963.068760896567,405.97282510856166,-4516.979504031711
2022-12-14,-103961.23242569854,-9877.211801997386,-8984.07607231621
2022-12-15,30861.85824070638,-10003.869230669225,-2515.743775738374
2022-12-16,-150208.00599001814,-39798.18762000627,-14391.84594291693
2022-12-17,144696.87132813828,66039.04231412569,11014.650203820842
2022-12-18,-58417.78726723883,-15847.847296291264,-6886.127697150048
2022-12-19,195507.54469610238,92487.79071759223,12136.0196427872
2022-12-20,51071.556645720266,24430.527798042167,-3267.9030754647683
2022-12-21,63374.602401797194,19200.54733054852,-1122.88480211579
2022-12-22,-88577.99810871808,-2486.858005934395,-7330.450763856963
2022-12-23,-171481.75236851815,-83473.97610596544,-11362.003485500085
2022-12-24,-234216.60343772173,-91345.48174128891,-18176.436266742472
2022-12-25,372226.46646157606,154313.7700623984,21950.459677328792
2022-12-26,-251044.2914690515,-187423.08552275994,-32657.35683681385
2022-12-27,-32294.691794712096,-40761.97998942109,-2406.7037317059876
2022-12-28,7610.081003477331,-21768.9515506085,29.20032870559953
2022-12-29,-26502.533017328475,-4564.233285887167,-786.4877923267486
2022-12-30,26069.585260269232,-18056.902397947153,17294.916590878915
2022-12-31,33940.954936881084,33341.9073273174,-5619.3336276601185
2023-01-01,613761.2586325789,213343.53676906414,33728.531920673355
2023-01-02,-363067.44599803723,-169335.6033574245,-30559.301043061278
2023-01-03,-9696.00850316137,2810.507124518277,524.1956591077324
2023-01-04,101284.8090637275,49969.04690128192,5090.617319344543
2023-01-05,184079.78160071652,81784.21644170792,6410.330446966022
2023-01-06,266973.008066745,100086.58217203338,6177.479951821268
2023-01-07,242874.14229352912,110759.06045841356,12259.348384787183
2023-01-08,-257951.40524120862,-96458.45984799974,-21825.501449129923
2023-01-09,486214.55568337394,239438.57193738176,37154.17765494177
2023-01-10,139442.16493805684,49907.12102851225,9372.04120564193
2023-01-11,116074.16127209831,58792.81667655078,2706.2311471113353
2023-01-12,106276.11521477904,25663.227613145486,8549.35502980891
2023-01-13,146702.61298964452,66741.1208092845,4298.62171911911
2023-01-14,47160.40300056664,11101.387801962905,2643.9987344914116
2023-01-15,352388.5560097438,115704.46279334393,32464.161151421285
2023-01-16,-211573.36547951028,-89969.83323205891,-28550.63030153833
2023-01-17,241942.5182526093,154110.24998261174,10260.01145545693
2023-01-18,165834.5791684417,83057.82438667887,10304.97597983107
2023-01-19,137539.1682236637,19238.62479934981,5399.688731479546
2023-01-20,267891.6830986212,134573.63775593718,11952.314295630757
2023-01-21,169338.49372708006,76021.08977261465,7494.0120322051225
2023-01-22,-106672.66435302049,-41399.11120799929,-14166.14259252575
2023-01-23,183848.98994848924,55514.573366314406,14868.597588873032
2023-01-24,108550.38229307905,31460.063617229927,3760.762968501338
2023-01-25,28026.17334807664,-38031.39051998337,1440.6433195967693
2023-01-26,138972.55386740435,55973.07572253491,5009.68859180357
2023-01-27,100814.90363600897,31716.75574719743,6496.195679316064
2023-01-28,244572.29739653599,112570.64927813318,14375.437411411927
2023-01-29,118023.01491046557,103954.40253634867,3484.0793410475308
2023-01-30,158933.97006655764,100888.32591589075,17220.122689966578
2023-01-31,101134.83840235649,-6433.614383726614,3210.3025642489083
2023-02-01,206533.58656499395,112607.26449837815,6909.682305780851
2023-02-02,162420.22641589073,111058.78564965725,8777.02054398047
2023-02-03,-44942.97334559634,-31250.369152510073,-7239.075717416505
2023-02-04,-194099.82748398976,-105274.54747029254,-9718.636123244127
2023-02-05,-129346.68847095734,-32339.06646419433,-10841.801656337571
2023-02-06,142261.87501376448,69171.27617937513,13861.222518729337
2023-02-07,96230.05890051043,56882.22440956277,5217.945974110422
2023-02-08,56274.42114923149,31366.035808690125,2197.890216042986
2023-02-09,65858.1898931521,18433.830867590383,-686.5445735481335
2023-02-10,133154.94938570494,65999.1690365558,2179.4596092103457
2023-02-11,162905.3077191217,50131.69382262463,6719.66471178428
2023-02-12,-27260.8840353759,-16519.7582994157,-10815.185896468087
2023-02-13,689872.027804839,281166.5901409462,37047.0545438588
2023-02-14,93562.36229084758,77893.50053316657,3158.5307450468536
2023-02-15,92473.26575957192,73893.91076359549,3407.877965931053
2023-02-16,33981.54746978404,37002.06747685559,-90.46898320154287
2023-02-17,9144.464556608349,37619.323943911586,5952.146038168517
2023-02-18,142949.8790186597,71597.7912513651,4944.90197564449
2023-02-19,545324.4515704983,174450.95176192373,43315.59497078863
2023-02-20,-580464.2957868888,-246500.66276989318,-54595.70826392493
2023-02-21,115210.81171020959,41658.4547671387,6848.191474144289
2023-02-22,31823.211671145167,-779.1805399891455,4342.923856085341
2023-02-23,52462.75567645999,10028.729893290438,-495.6861023020174
2023-02-24,-26372.35390223516,-23661.677327188663,4306.044258537033
2023-02-25,64935.841489204206,70707.75364764058,4563.797107329156
2023-02-26,-103111.46883386187,-3548.1934477433097,-8835.447511252249
2023-02-27,93637.55936141033,48375.12936814828,7023.554629489867
2023-02-28,-82937.6696667485,-24383.62871897919,-9035.126553722657
2023-03-01,34506.74789068522,31806.068416203838,-5934.710780034366
2023-03-02,33353.0862807692,24739.46155800321,11114.082996685524
2023-03-03,117441.99953120016,71665.21890161117,-51.86457191541558
2023-03-04,-34454.94377925573,16284.929061200004,4018.724381728476
2023-03-05,-67455.6868120199,2526.257062599063,-4052.042077602149
2023-03-06,149886.61528709205,103741.24984552269,9992.29371645063
2023-03-07,120055.97914746124,73717.9755874842,7316.496013635129
2023-03-08,61810.735156165436,29965.230974376667,4451.698379632697
2023-03-09,40351.85342509998,51049.5837848254,-997.8763765273034
2023-03-10,72427.48958653398,28162.092674343614,-1664.5260506839259
2023-03-11,46107.13112425478,-5128.473178012297,-8217.97585868946
2023-03-12,10185.114498876035,38933.739709359594,-2696.7651301962032
2023-03-13,9866.836512945127,-1199.738936951384,756.9665771263535
2023-03-14,-98317.06979108742,-65965.3967666754,-10857.148599462438
2023-03-15,44483.991400568746,7197.3968932169955,-2577.6058198286337
2023-03-16,112808.95241407258,43855.093846664764,2315.516246243875
2023-03-17,48955.01294828439,20398.494437064044,-780.8445431421569
2023-03-18,102817.57323989877,80057.31341129518,3401.340668306948
2023-03-19,46019.16373370588,-20008.52739561652,-1956.193908653484
2023-03-20,56526.00597794773,38283.11370342015,1838.7734071420273
2023-03-21,85430.14082433749,40325.203995298594,4613.298855143017
2023-03-22,38957.05339020025,32752.20099987765,264.83145823690575
2023-03-23,37181.151748297736,25701.206766241696,-476.6118862834701
2023-03-24,250982.82816356467,137715.6462106835,9910.301904286287
2023-03-25,-79104.4404665879,-42687.95175905479,-1732.8186341059336
2023-03-26,28096.015774507076,36654.408072399674,-1522.865262038773
2023-03-27,2383.901131419465,16489.045799190644,2562.659960416582
2023-03-28,19683.06013951404,38783.70226058201,439.8132180632965
2023-03-29,78399.41195576405,97138.58877964341,522.998435240268
2023-03-30,178689.49198797578,108969.47413354018,-7554.569415800157
2023-03-31,23945.750772944186,61773.9755577906,-9510.380392805295
2023-04-01,-6545.882778560277,18459.275591375772,-13509.948671006976
2023-04-02,136057.2654649904,71701.38848164002,15.744531427684706
2023-04-03,189945.55045654718,101672.4084575749,-814.4251168942719
2023-04-04,102142.34192028549,89732.76997860824,-1156.0371758496622
2023-04-05,-71500.08918056032,-34027.47973911464,-787.7660240778641
2023-04-06,-296238.8340201215,-103682.56652806234,-5052.701749518485
2023-04-07,-250400.9892683872,-126912.12280553859,-3694.2125165036123
2023-04-08,49297.32186635584,11501.850063515361,8611.233317154343
2023-04-09,-30754.822382767685,-17523.489224735415,10201.226369162527
2023-04-10,-256357.4618929564,-134223.59431337938,-2493.074630431569
2023-04-11,-149278.7763367165,-91754.87234165752,669.0817120212887
2023-04-12,-136262.81887500687,-112381.71491210326,-2280.3996304186003
2023-04-13,-84236.03232385265,-81723.89328545681,-523.3157558709208
2023-04-14,-12051.788233850617,-29566.92856930592,1290.6391145253438
2023-04-15,89442.19749838719,83112.42651125346,409.28387439387734
2023-04-16,-53956.97561964346,21863.468792992644,-7896.814379212068
2023-04-17,-33882.086573189124,13454.293179063126,-2842.490835544304
2023-04-18,66454.74507120997,58458.7086783601,-4284.771442474768
2023-04-19,137181.34880626854,103319.86878354615,1236.6006623822905
2023-04-20,176217.42736643227,91438.56833165884,3797.579721541406
2023-04-21,72596.822530468,34050.892204272095,1998.1832460518344
2023-04-22,180143.9039679435,61843.05493320525,5877.473166191427
2023-04-23,168339.93810941512,54090.691505191615,999.624330126855
2023-04-24,234521.2094082199,99925.41682294337,6983.655057115364
2023-04-25,238576.3993451097,82313.40387738845,5224.272880538658
2023-04-26,206415.830190395,95010.08976483485,2691.480168250535
2023-04-27,207917.6481496673,86054.53421751759,6408.615029955981
2023-04-28,133866.3231667569,63172.26609345758,1408.2248429963074
2023-04-29,-159184.34675304778,-98750.9359094901,-9950.356923766318
2023-04-30,-1285.4632611428387,-25161.134377972456,-7449.106464803626
2023-05-01,282325.4986879183,96688.36720186146,2281.799056118034
2023-05-02,121165.86734647118,37888.83163471334,4157.549902323022
2023-05-03,62013.79603397939,19928.292005591094,-471.2576433841605
2023-05-04,51598.5584723535,21773.757056521717,1042.147057865921
2023-05-05,125284.21355826408,49221.69934747508,2935.8699417697208
2023-05-06,206048.53949759295,101851.70314603113,10795.83643485597
2023-05-07,70797.11409039516,29158.42514440627,139.76865457708482
2023-05-08,119380.28874158626,61065.64572508517,7037.622123667359
2023-05-09,-3101.417836344801,7508.392752532614,-134.31008443632163
2023-05-10,27063.779419462197,11114.99591707834,2562.2465894299967
2023-05-11,103937.0859952271,68229.80333018652,2651.5621318204794
2023-05-12,62608.70460315095,33014.860101525905,-640.7835453693115
2023-05-13,165069.83177149855,98826.38868148834,3444.5383610669815
2023-05-14,-144615.76049679657,-14059.008034496801,-7011.941224362003
2023-05-15,111577.51111055259,67562.38159063389,8405.609651678475
2023-05-16,30324.98405511817,27967.91829425539,2412.354082599515
2023-05-17,49957.74894208275,19089.876096057706,3317.234844233957
2023-05-18,90164.22254194599,27575.3722630064,3978.373903236672
2023-05-19,75449.7288880623,62246.854179461254,3875.7085159756243
2023-05-20,-89597.9129242273,-60149.25858929125,-6990.539063489996
2023-05-21,-72301.92940126592,-22010.248555318918,-7692.886302904633
2023-05-22,208131.86273109727,92862.55636908277,14610.733222565177
2023-05-23,-42121.01372257294,-24555.911502436036,-9444.489093512268
2023-05-24,65458.96962086903,22577.374162004562,-2586.5167502803088
2023-05-25,74907.74726534914,22748.6000838303,-176.10684538041824
2023-05-26,40856.68748370651,12042.400029822486,-136.20497746250476
2023-05-27,16159.563170121983,3582.0951744690537,-1532.7982688249904
2023-05-28,732157.5798421497,259236.2382843853,45331.76342807154
2023-05-29,-759542.4889332498,-330386.7319254654,-58294.53343838533
2023-05-30,123559.36897545867,95456.74832584732,17301.361803362553
2023-05-31,95872.18780676043,59920.91579334834,2507.691278526676
2023-06-01,78226.05974597158,26799.27928795456,-1690.885016875196
2023-06-02,99657.80223493837,27350.90915826289,802.1688287890283
2023-06-03,11783.503697164822,30259.463403842412,22.19838519813493
2023-06-04,-162935.4387729289,-48530.01124769915,-4751.124735959631
2023-06-05,295591.52791063813,124624.89915574435,14418.825284078164
2023-06-06,-66099.86995832715,-39690.75498195924,-10980.322065975517
2023-06-07,-72269.65308249835,-19791.23422351852,-7927.507000916143
2023-06-08,-406016.69546511956,-140606.06909718376,-19546.810006590065
2023-06-09,-110177.36053868663,-44445.53649727418,-5062.702759190579
2023-06-10,33820.70595572842,-9066.666109791258,4534.827789158444
2023-06-11,-171102.28650184022,-86075.70421425253,-13516.409784774616
2023-06-12,266619.0024393727,94179.71353918524,13335.484615307912
2023-06-13,20228.52683437569,-9712.587366743479,6203.857340992865
2023-06-14,-82502.96714928886,-48478.00558425742,-310.1764273707813
2023-06-15,107148.81433110265,46050.867236047285,5105.066306866123
2023-06-16,-60120.78213867638,-26887.77226729947,-1182.1010252434935
2023-06-17,-16371.002723687794,-18564.423650565557,3482.0859607177263
2023-06-18,-54261.03603308089,3910.5665801183786,-375.1827237639227
2023-06-19,-334396.6792982803,-122135.34782478423,4020.9142621069623
2023-06-20,464649.78925664816,161617.89148913464,21438.383606653806
2023-06-21,-41885.35390087031,-28934.645322042983,222.03994928317843
2023-06-22,31670.469809421804,5971.407584711444,10553.015382552345
2023-06-23,19230.239633989986,-5408.664359550923,7831.724958215869
2023-06-24,7549.311905975454,-28112.562304004095,403.17095223243814
2023-06-25,95122.41292243265,-12321.435678132344,4817.15829877631
2023-06-26,78162.35653058859,42823.32616516552,8630.816976859205
2023-06-27,29345.472521787044,34187.88423953671,8189.8835909542395
2023-06-28,-183811.89870468434,-70651.92602121434,-8478.971776520746
2023-06-29,-71060.5716084768,-14084.219435329549,1176.5753547853092
2023-06-30,-69767.94809932727,11135.488226623973,3940.861500220519
2023-07-01,-68652.53125106916,40264.82509210473,11.380758403858636
2023-07-02,5311.970154334791,26505.66384904785,2100.299393657624
2023-07-03,-201478.00798726082,-72237.8416917692,-21781.544566503406
2023-07-04,-831829.2369806496,-331426.35003446287,-57071.947360915394
2023-07-05,471687.71387100127,207670.049551951,41762.581326306856
2023-07-06,168751.47800844628,55942.5650650959,5239.021588669042
2023-07-07,103575.72469003499,26955.386860227678,672.5458186890464
2023-07-08,41465.44998987438,8378.113340812037,732.9825175877486
2023-07-09,-23261.874884924386,-6413.514845303958,-1227.4210729614715
2023-07-10,102013.7298140754,33446.79281252553,3722.9362424241554
2023-07-11,109497.52429360105,54549.85841362481,10116.303019137704
2023-07-12,-78307.24212158937,-24069.211848545354,-10658.63471413625
2023-07-13,6628.249556615483,19441.437592577655,1606.083502527792
2023-07-14,-11238.730396130122,1234.7654225723818,140.4642892521515
2023-07-15,-15152.889828516636,7670.1742724010255,856.8711021804775
2023-07-16,-179981.1614152994,-53438.45438066311,-10917.958999086724
2023-07-17,131540.0588768092,45376.919495846145,8606.849486360821
2023-07-18,142563.59124988876,47747.530634142226,12692.341661665414
2023-07-19,-65328.7841382348,-48160.35671775136,-4024.721992827399
2023-07-20,27461.347558431793,-21399.707594825653,464.3812598984805
2023-07-21,6305.067370052915,-17401.92413156596,874.6443477922003
2023-07-22,91678.15694100037,8220.444091540063,3395.6675137824786
2023-07-23,112989.8453794145,39214.4277175162,8364.344716855732
2023-07-24,92370.73381839972,35057.87209477066,6805.4729654036055
2023-07-25,140930.5386387119,24449.28055301821,10148.865720036003
2023-07-26,27664.67427602131,-5586.959925552597,-6395.220672121592
2023-07-27,-15448.246869437397,-11482.50577100343,-4451.565159357677
2023-07-28,22811.025144608226,320.6660723746754,2522.309889072465
2023-07-29,-28409.14253469929,2104.91671849275,-2247.289053356799
2023-07-30,82090.08893521503,21862.83625590126,9819.826244536496
2023-07-31,48592.042740907054,10714.064491746714,4810.925416511949
2023-08-01,102865.61310690967,37362.09452451416,5784.320823581016
2023-08-02,46782.968492907006,4483.609973277897,5776.67984706469
2023-08-03,113767.68542345893,44270.40461598011,13396.220334420184
2023-08-04,76268.74486856395,33848.335425256984,1044.914755204256
2023-08-05,96354.6352967387,34793.70705852122,4146.707875929627
2023-08-06,24641.233526700176,18658.463560220553,1114.5869081293931
2023-08-07,33911.19912979705,15701.756499791052,2756.014146784204
2023-08-08,63934.7379008336,51485.1679138192,3535.3347292594262
2023-08-09,85829.30018295906,69652.8573506719,11241.894605463865
2023-08-10,56450.23453628179,22542.826365499757,5242.73370271764
2023-08-11,72055.57494032942,47248.87054392067,8440.906266518083
2023-08-12,6627.576828404795,2783.759021003032,2042.3060761863308
2023-08-13,14158.93604284199,3343.595380066661,1838.923585888493
2023-08-14,98283.57165645389,60007.552053264575,8661.11856815184
2023-08-15,-59370.72380883247,-22788.7676239321,-3830.2589948537934
2023-08-16,-31626.13724731654,-502.4268500385806,153.75224323011935
2023-08-17,-18241.00430306373,14182.30394385755,2314.2580234469497
2023-08-18,15362.939020464197,8415.15480800299,6568.99442108802
2023-08-19,96082.68465441791,39508.664371090475,18949.331324589293
2023-08-20,-14853.547351904213,6737.8386299326085,-3635.1048852277745
2023-08-21,77666.50204250775,48925.919632573845,7948.717087604658
2023-08-22,25126.440208277665,20117.801761101466,-1608.327446577634
2023-08-23,11315.565622562543,17952.665390623733,-1835.4716023575747
2023-08-24,-79166.67947369488,-32130.33126302692,-4951.204457991495
2023-08-25,-147097.21893098764,-58953.582876840606,-11589.620935841114
2023-08-26,-12725.081592397299,17767.228552370332,-6625.65169588197
2023-08-27,23322.15167512605,25007.416020644596,-7697.275960332801
2023-08-28,200682.64274435863,91636.66616660706,16218.278962343873
2023-08-29,-73634.80455320701,-39012.40466830903,-181.21700546721695
2023-08-30,-7780.2115335427225,-37282.47297322308,-3932.5771951939096
2023-08-31,5994.017235404346,19332.87531976425,458.07257995096734
2023-09-01,35920.95738166431,-1695.5209944720846,-7783.81296091355
2023-09-02,130573.11347445985,16087.560076809255,5553.383996562014
2023-09-03,623804.7849808014,224682.13468173682,42456.56474476546
2023-09-04,-705144.4796924652,-341915.0910276616,-59662.3472036688
2023-09-05,106590.0559988278,62325.785540948855,12947.63840766321
2023-09-06,60107.235390179325,32294.831243082648,7061.023722899263
2023-09-07,59337.416459244676,9140.13668956887,-4622.30348841357
2023-09-08,164448.7199779558,30105.92231870233,7700.0837313018565
2023-09-09,-6959.48022651393,-53449.18636991107,-583.5234383628122
2023-09-10,-257774.19440751616,-145829.89535864117,-14847.128529132373
2023-09-11,291949.01327241445,93251.94402078539,11730.728719885752
2023-09-12,-25742.28294706717,-48125.066089916276,-3583.093648940092
2023-09-13,-103543.3200414828,-77964.77349406667,-8791.726118449675
2023-09-14,-12868.76349267317,-37309.99601140013,-1579.8254374843673
2023-09-15,117421.9498036881,-12723.121782057686,4106.480319220369
2023-09-16,55164.752169102896,1582.9562974390574,-2716.7709759376594
2023-09-17,-99439.96099408343,-115083.85111647076,-5882.223724203854
2023-09-18,226259.4277608674,-1266.795927616069,8395.547082107048
2023-09-19,34794.9837620114,-93574.39694561402,-10723.853553969384
2023-09-20,16720.480351001024,-102221.2538437699,-4693.001762999862
2023-09-21,-51674.75348926196,-124592.3068407895,-8744.982961946342
2023-09-22,226830.37421958195,6048.795265370514,-3388.1031223599566
2023-09-23,-203208.9217433296,-147117.72549856408,-18899.610905906768
2023-09-24,-241396.26155912783,-141673.80483851978,-16891.537188658578
2023-09-25,-232185.8479918656,-156360.24952932145,-10722.655000165832
2023-09-26,37753.70182667719,-58085.37165545812,-7229.277565395227
2023-09-27,112278.1450270093,-4692.496238071239,-4883.959725416091
2023-09-28,24725.064058089163,-52373.96008063201,-7278.257759050961
2023-09-29,-582875.5749898204,-202648.85493153252,-19677.843351280782
2023-09-30,5241.430408122018,-39452.139986496884,-4435.086805607745
2023-10-01,141134.15401819441,21548.697540590074,-2720.116890796431
2023-10-02,169160.49222441576,85010.96598346764,8515.572249918885
2023-10-03,-99596.9942593514,-31288.095186977647,-54.92453014603234
2023-10-04,33455.6098247827,29906.1397924372,4417.132012844086
2023-10-05,229938.70836577844,128170.44865794317,9090.591407649103
2023-10-06,19580.727857653517,-2405.2794032781385,772.8667426267348
2023-10-07,-41393.119043522514,-24085.35508211772,-6457.349352366582
2023-10-08,2649.9963436680846,-5001.3957486762665,-6380.868274879234
2023-10-09,-201401.41916157305,-68291.06001986307,-9790.687712072744
2023-10-10,230913.44476861274,121056.64487896836,6958.881119190744
2023-10-11,3481.8603138783947,-4912.441115633119,-644.7372912811406
2023-10-12,-103826.68200201355,-80738.41583295097,-180.81668223906308
2023-10-13,50351.458992983215,22898.698893534252,2658.7883942594926
2023-10-14,-39095.36089250026,-21589.424468937097,1003.4684564127238
2023-10-15,14265.722892135382,1656.8781734104268,1001.3437340756354
2023-10-16,62442.32697100425,-4302.105428156909,3607.362982097722
2023-10-17,-29287.91197479237,-26174.666044462007,290.2908966523246
2023-10-18,-44560.26308144117,-27745.47290194384,411.33406283479417
2023-10-19,-32725.207384679466,-10166.781619230751,-1303.3345880092238
2023-10-20,7860.237000697758,-22261.682748748688,244.9114803672128
2023-10-21,-11228.771308478434,-8264.010395112215,622.3559836878558
2023-10-22,-21655.413869860116,904.3660358013585,1130.1625643121079
2023-10-23,93901.03836329095,28924.380525125656,4487.929901697178
2023-10-24,-12614.881325745955,-15858.566556307022,1340.178671985399
2023-10-25,-20487.97428021161,-19273.50993280369,324.91651855999953
2023-10-26,40439.65715355147,13396.061850418104,3942.5291901753226
2023-10-27,13270.837394963484,4161.551485419041,3369.477321064449
2023-10-28,7348.659609220922,-14618.995352413505,3888.9454487641924
2023-10-29,-84857.20801714435,-44522.0142418372,349.47276070623775
2023-10-30,803.4097074801102,-27031.194427233655,6101.637441407453
2023-10-31,-24297.988149340264,-17697.836755917175,-588.4466803249088
2023-11-01,-38978.33121629339,-36275.42567994306,-1590.3732564610254
2023-11-02,69142.74722271925,11330.567918440094,3807.3650739359146
2023-11-03,-48181.395134240855,-39701.21419228078,-3650.4848594446376
2023-11-04,-93510.81353074685,-56939.71598358033,1078.0676549110794
2023-11-05,75987.6670958167,-9887.49232916534,4429.71604428842
2023-11-06,-88389.52035784116,17613.301311047515,-3217.024965085846
2023-11-07,-113781.94104044093,-47260.749539286364,-286.77367554354714
2023-11-08,119913.25228365045,52664.080787019804,1754.8471642008226
2023-11-09,53116.091553926,18447.284845703747,7208.814967076847
2023-11-10,-100580.96228135563,-45979.82826526044,-4840.541796708596
2023-11-11,113627.08467639796,72707.25004755962,3254.453386574023
2023-11-12,-4304.758976741228,5437.181327135302,3256.425672225392
2023-11-13,13769.285391812678,-1486.5962381642312,2884.243543227756
2023-11-14,34391.738257825375,8219.095666945912,2731.3029732247815
2023-11-15,-17648.174606271088,-7255.536431844812,907.1562705325487
2023-11-16,77960.37496603047,37435.84603910986,8869.60554941371
2023-11-17,-89117.34537736792,-39906.198677302105,-1637.0414623255492
2023-11-18,-169491.87879319023,-73024.42878586345,-2985.3054437442333
2023-11-19,32791.484316764865,17042.521806309698,2630.663415770745
2023-11-20,62660.89076343784,3075.000764941331,4664.172293147014
2023-11-21,-18648.345851226244,-8499.625074493932,216.40304515641765
2023-11-22,-144435.47942036157,-55699.06651308597,4678.119964411948
2023-11-23,-442781.5556990504,-187169.71407190128,-31951.812384309218
2023-11-24,494753.70937973075,204689.68231352908,34867.712186475954
2023-11-25,450055.377619965,187702.69890829246,8293.93649820317
2023-11-26,-6693.454265897628,-41145.8252681843,1166.0052657498745
2023-11-27,59002.251688210294,-6165.388271055883,3162.1324519059854
2023-11-28,49111.372208160814,-10792.831874722848,-1427.0155958725954
2023-11-29,45678.457637544256,-23144.150739783654,789.5926807168289
2023-11-30,123772.8930800152,36860.15569932922,9434.157810143952
2023-12-01,-122045.59864694206,-63537.15753111127,-13943.106235190906
2023-12-02,-160037.8354297788,-77984.10636935465,-2211.7276294461626
2023-12-03,11026.298834112473,30012.78721364215,4034.95023874825
2023-12-04,9088.590916784015,21789.554044787772,3634.8016646686883
2023-12-05,-65150.220884966664,-36855.86561611015,-965.5190554489964
2023-12-06,5195.348132019397,12667.429414305603,-643.9583398281247
2023-12-07,32172.907983890735,21456.776036071824,5592.163902623521
2023-12-08,-186629.5186227979,-67084.28210265352,-5914.371827405848
2023-12-09,-158756.4663515035,-72437.237911865,1839.0437046253064
2023-12-10,-153370.33930406393,-22540.28809212707,-5247.655620031903
2023-12-11,141068.02069816412,68438.14865516056,10830.577337895345
2023-12-12,-65638.40782242594,-29181.12125273072,-6010.135064939444
2023-12-13,-20109.70785816852,-2627.906629629433,1659.171174804098
2023-12-14,24689.039089729544,-2746.5697996064555,3261.0132122536306
2023-12-15,-38507.693481643684,-7655.102330454392,82.36509753839346
2023-12-16,13706.621430689469,-33446.685104269534,5141.591396465956
2023-12-17,-212299.64748560172,-129764.20356720465,-15149.599784031307
2023-12-18,91235.00722537655,13787.7780563056,6864.044767012267
2023-12-19,-77912.26279237401,-49166.990990546765,-4238.147547880595
2023-12-20,-16074.85286458768,-22886.35448909737,3899.0023370686686
2023-12-21,15199.263059331104,-8140.138035036391,4347.190699220169
2023-12-22,106394.75449794345,7015.744415966561,9384.53014779772
2023-12-23,175133.4976230166,73333.23158110562,12177.96743158868
2023-12-24,311278.0760070151,118957.61880221078,17914.452166712523
2023-12-25,-233760.09153582668,-118405.45478248806,-12789.999628380523
2023-12-26,130977.66886927327,97595.6627769724,21149.066338638542
2023-12-27,93397.20233698608,60776.66503885505,7009.513463013485
2023-12-28,78109.52873706864,52022.90242755879,5539.1948384450225
2023-12-29,122941.15225250646,52466.60947432974,7713.182945796259
2023-12-30,115337.94277645042,74473.45968418103,-4103.257389614242
2023-12-31,155849.5228596446,50148.273187201004,11047.18496734844
2024-01-01,-371213.41693935543,-142880.50928515627,-20968.475254185993
2024-01-02,268652.35960823996,117004.22534227278,20087.46626976208
2024-01-03,70097.14464729745,19711.745670905802,4397.036666499305
2024-01-04,42506.937398218084,11936.581406087615,2173.7578801329073
2024-01-05,-2313.0283915041946,-4194.241180601064,1717.7562019788893
2024-01-06,-86175.5096194488,-32104.079546554014,537.0106160239957
2024-01-07,-50107.93226562766,-9758.468517251313,-715.4292279405927
2024-01-08,265365.54180426477,102235.64971184311,19857.920276131917
2024-01-09,-188288.73919448117,-108172.30430220347,-17261.048428345734
2024-01-10,-38821.06227027858,-23001.17323105689,-2756.1619735088607
2024-01-11,55577.0448898687,23702.27134845918,5490.695333437732
2024-01-12,26928.23869957216,17878.53067927505,-493.7291488031624
2024-01-13,-21723.884115674067,-21667.190015969798,593.5286353558186
2024-01-14,8014.421560992487,-5073.284492233535,1648.2482993189478
2024-01-15,-165791.92301824875,-47743.32564160437,-20419.485223965457
2024-01-16,175684.961417709,74379.94947816152,19074.633397175086
2024-01-17,59904.11959295068,6133.972496133996,589.0216597430699
2024-01-18,-60236.3513676757,-51849.87179821846,-3480.3807629258663
2024-01-19,-29348.036684925668,654.0582268938888,-646.2755735938554
2024-01-20,-107714.47436130466,-65837.03203716362,-4249.015946966654
2024-01-21,-66895.1002211296,-34088.0663620485,-2249.485767427541
2024-01-22,122594.85849821987,45691.63184728101,11154.489651848213
2024-01-23,-50470.87926388346,-20532.192422960885,-5232.4545181817375
2024-01-24,-57856.22479157429,-36264.4829606805,-931.0972690687922
2024-01-25,37115.35636841506,33270.3226011917,3380.1065871070605
2024-01-26,-33292.349552622996,-20046.213551050983,1677.3306418496068
2024-01-27,-16254.375730768312,-5824.628219431266,-474.7292945655936
2024-01-28,-127976.65518326173,-68663.64209972869,-7692.411224663956
2024-01-29,74697.10772209102,5466.485744438367,9946.451013699232
2024-01-30,-52449.43051042594,-43011.3823717637,-7307.191764644464
2024-01-31,-60166.27452983847,5461.528687410755,-1510.3816693491244
2024-02-01,-170723.64781838143,-93165.31078338122,-10558.504762545519
2024-02-02,-153175.28008640883,-104566.00808922807,-11140.67253915203
2024-02-03,38506.60412748577,15821.4388114803,5502.02055814935
2024-02-04,150271.44722644286,79858.1607526706,7572.882931417436
2024-02-05,93478.51486763451,22030.385464890394,7782.614769001084
2024-02-06,-26122.755346405786,-23091.803411457222,-6087.844016988063
2024-02-07,-101205.49550584052,-67346.1642717364,-4383.687523238594
2024-02-08,-13130.895074994303,-14511.739552776795,713.9126835361822
2024-02-09,-32249.28119088849,-12120.648081039777,1363.4756601031113
2024-02-10,-89277.49911726592,-51738.55269389285,-2191.877273036953
2024-02-11,-119308.6835947968,-47485.128806707915,-4704.048540766729
2024-02-12,-26596.895232334733,-12729.125402939739,5217.4375070693495
2024-02-13,-462726.1922669513,-184603.03510795464,-23980.541298803117
2024-02-14,-85381.20126986597,-58013.10240075202,-3427.1864089400333
2024-02-15,-95725.66124861594,-65906.68327924295,-1755.2279664055386
2024-02-16,-27739.108895543497,-29911.326222972944,1655.2843169905827
2024-02-17,-30080.466684981715,-39204.51572033879,-4655.525410473259
2024-02-18,-134636.68077945057,-85749.70212739927,-4441.420508442912
2024-02-19,-400157.3554075556,-148615.76325464062,-33137.58533439625
2024-02-20,309268.98333524633,136022.66767044878,31303.613252900977
2024-02-21,70688.33456949564,46513.63110685535,1322.6774362769502
2024-02-22,37020.418949818704,33648.56300210953,99.16581245613634
2024-02-23,-7990.863268153742,16014.413218740141,1693.6230720561289
2024-02-24,62436.22660603793,49667.198482193286,-137.6054495908029
2024-02-25,36632.4116300419,14282.879382490879,1230.10143814818
2024-02-26,74191.25611812901,5937.876117493492,4659.012123345281
2024-02-27,-48793.58249317482,-36233.37824189826,-6033.460265212198
2024-02-28,-30.51267927372828,-9579.856284234906,5214.86002128094
2024-02-29,-24590.718569912482,-24624.934228365077,710.3531616229739
2024-03-01,-38012.31016139733,-31418.475757980254,-10536.643707222102
2024-03-02,-93657.91728323232,-55559.48176110559,-1797.6242079075018
2024-03-03,13790.506111386232,-12910.109241636004,-3267.588849663385
2024-03-04,30542.89285388589,-6660.738987560151,2462.213155683741
2024-03-05,-83980.16011633165,-65642.31987362786,-4904.710883764725
2024-03-06,-107192.40567458933,-64827.50361419888,-7014.17488784701
2024-03-07,-59680.30142197851,-25993.779879124835,-3413.6137702066335
2024-03-08,-5619.945408019703,-12042.626747481525,892.8770212127711
2024-03-09,-89292.32843124168,-36873.82023418066,-1842.210782413982
2024-03-10,-54054.83808085602,-11168.74761775136,1295.7734517207136
2024-03-11,47428.817582944874,8047.197224745993,4848.653258583334
2024-03-12,-899.7745744590648,3340.8639956309926,-1316.988454469305
2024-03-13,36366.124706032686,26245.878959353082,3610.617047324864
2024-03-14,-44883.44229340227,-12719.925518249627,-944.2999650744605
2024-03-15,-99561.26902736863,-43311.446510677226,-4260.661750433763
2024-03-16,-12902.47293363139,-1941.9377690854017,-698.8254222954274
2024-03-17,-104613.03940976644,-68131.41284332471,-5473.431111366372
2024-03-18,-46518.62642852077,3098.4750743720215,-728.3339691421425
2024-03-19,-73218.39089169959,-27341.964933281066,-3259.338500992366
2024-03-20,-59192.6041904795,-27357.94197905762,-5365.766781229555
2024-03-21,-47322.62094751978,-24674.63852249016,-1993.6636303905398
2024-03-22,-42103.27312120749,-19440.46796345804,-839.191771342099
2024-03-23,-187821.7180074551,-94762.32325072237,-8963.31323600671
2024-03-24,25430.563458458055,18329.228576452704,-919.6437722906412
2024-03-25,-28256.603903548792,-20432.67590854969,183.25052738937666
2024-03-26,-4556.084818425588,-12799.642677948344,-2900.997617063753
2024-03-27,-28922.378921997733,-24368.149909357075,-824.6893037671689
2024-03-28,-81435.27950588241,-72948.45600109885,-130.47211226224317
2024-03-29,-150180.02258106042,-90489.56555547053,4454.366467337124
2024-03-30,-44036.67299418943,-65351.03717300389,4916.12392700513
2024-03-31,-34000.62797378935,-37764.02345778071,9352.426002347434
2024-04-01,-145095.0260818624,-80569.9252078397,-3158.470824327582
2024-04-02,-106502.852730304,-66504.3708327969,-202.70746583203436
2024-04-03,-93962.77789442288,-80812.29831389885,-940.048015272303
2024-04-04,9734.659485752229,7626.759631427936,-1195.537465757865
2024-04-05,160260.35970036313,63384.9468677612,1464.648976522294
2024-04-06,131286.0082082739,79095.89879667712,1662.047134139808
2024-04-07,-74070.98088593083,-21100.49559867545,-6456.7841453565925
2024-04-08,-9670.22913705185,6447.3663891463075,-7791.435735968029
2024-04-09,120936.61527209217,71203.54109475506,731.9798773737275
2024-04-10,15683.368575119413,25861.425947590033,-2941.1095151629997
2024-04-11,97712.68701269338,47069.72674339032,-673.391677642474
2024-04-12,57804.0043808585,35879.289184555644,-689.4376384802454
2024-04-13,5884.4144865623675,16289.513851014664,-1844.681961041264
2024-04-14,12011.21765724197,-15086.719396982808,-3449.593775662128
2024-04-15,61724.2812608541,-3067.753504732158,1800.3640253095364
2024-04-16,40358.964022025,5979.302352773026,-718.911670829868
2024-04-17,33760.94812523201,16082.819023522316,2235.4634368581465
2024-04-18,-26433.180081569124,-7258.219500132836,-1920.1389696158876
2024-04-19,-52978.03161914833,-10304.672354424372,-4249.708334867872
2024-04-20,3472.622669555247,14317.123663156293,-2890.3617517633247
2024-04-21,-79393.37490101391,-9814.604462803574,-4456.644897321967
2024-04-22,-122078.18908228073,-34892.59817771008,-1124.0890324644279
2024-04-23,-159073.6617252836,-63579.88004688185,-5145.936678366852
2024-04-24,-179489.63276205584,-73131.52695313073,-5747.402232275548
2024-04-25,-136042.84799998254,-60639.670826764544,-2328.573733364872
2024-04-26,-158400.07393743284,-65371.323643831536,-5376.864266170451
2024-04-27,-85644.71443775017,-39643.53979376855,-1941.5280299346196
2024-04-28,64989.96157364175,38225.05348346126,3272.316239029198
2024-04-29,-18268.884109118488,736.8065188580658,2668.523648217728
2024-04-30,-182406.70416047657,-63311.68283305853,-2168.9082779370947
2024-05-01,-15043.85180449346,17294.41937686503,-2157.5015326857683
2024-05-02,-47909.52340335958,-14133.616832759231,-1819.3904443599167
2024-05-03,-19348.23052698141,-8082.615423941752,-1116.8620147849142
2024-05-04,-105814.66237214021,-48997.14718246553,-4327.16048500422
2024-05-05,-122686.2729849848,-52824.7536430445,-5844.096227144939
2024-05-06,27376.93475655699,19063.558762080967,2161.494471703656
2024-05-07,-46390.66901119379,-25924.862684238935,-4980.206560706603
2024-05-08,-42799.95549736405,-29476.010030095465,-1715.1934237572714
2024-05-09,-17052.911458506715,-7964.997732227668,-1362.3414531192393
2024-05-10,-64645.968160673045,-48223.993002232746,-3350.846828875132
2024-05-11,-37732.177770449314,-24937.86392805027,233.88395297594252
2024-05-12,-119026.7237132946,-72332.27209261851,-1694.305509999016
2024-05-13,97666.72452786472,14552.48792845942,5002.14186602924
2024-05-14,-51386.35292270873,-36098.86507274618,-4458.821329067607
2024-05-15,-55376.344735707156,-38622.743381404434,-4433.876744172827
2024-05-16,-42005.2451861077,-13660.080640484579,-3094.3238688604324
2024-05-17,-78543.30880279047,-21932.503756150138,-3747.872559189418
2024-05-18,-42915.807374096476,-32161.53538851021,-2503.715787221794
2024-05-19,52759.876519628335,36479.555098918965,2462.133625971066
2024-05-20,29734.084266304504,13028.053959205747,5318.563473897753
2024-05-21,-113762.55889869574,-50066.40426269453,-8555.676515359402
2024-05-22,-18141.15838655783,-10281.629564461997,2205.2994027439563
2024-05-23,-19540.451097448822,-5182.0057974217925,1600.7274391245737
2024-05-24,-33151.954531718045,-12071.425139599713,1192.103477809782
2024-05-25,-23998.078180614393,-16207.344882029109,365.16258348553674
2024-05-26,42630.13648873521,8846.331177057233,2995.99329649657
2024-05-27,-480801.19189555757,-182546.88585328264,-32428.54617178993
2024-05-28,385955.64273957023,157943.1868902631,30423.646362395055
2024-05-29,133646.7652333593,30445.969468793366,2547.0808229077666
2024-05-30,-86136.82164682634,-78019.54949259618,-2017.6235554640298
2024-05-31,-21406.486616749782,-11537.70950900414,1785.4340317869792
2024-06-01,-49538.00765290251,-18382.852234965423,188.4108652009163
2024-06-02,-26627.409419202246,-36147.93392283609,-1498.9345466818195
2024-06-03,110073.93544260459,23382.362013916252,3025.8659420562035
2024-06-04,-135126.72966896417,-64220.0498115283,-6538.098409549653
2024-06-05,-2843.6069984133355,-3833.300002376316,3985.6151932479406
2024-06-06,63413.98633502843,23579.700368079124,4443.000615136843
2024-06-07,234626.4376017917,68881.89779840969,10847.607938413043
2024-06-08,98157.60334790032,41656.634012447204,3329.2794463835016
2024-06-09,-18672.88934110198,4087.0625574921723,-4293.630483361718
2024-06-10,131648.33325266605,67217.52676395932,5797.964965457213
2024-06-11,-101986.39804954268,-29866.752702954225,-6905.4397108259145
2024-06-12,-81668.53144891094,-33352.1912123044,-8865.876026340993
2024-06-13,63768.058575913776,33724.54639540636,641.6135177232209
2024-06-14,-53203.2828373923,-23509.47784838127,-4608.8469974006
2024-06-15,46662.104756829794,22605.498816653155,-427.62314552708995
2024-06-16,26446.807528357953,14569.044487426057,-3047.801509423327
2024-06-17,59428.05586927803,4698.922963624122,1009.7637579451839
2024-06-18,229945.04203231446,76036.30248532747,-2126.5555373318493
2024-06-19,-255485.43617815245,-78852.92317107448,-15514.10013689287
2024-06-20,73090.15754341194,38433.85853157588,2176.8018428308424
2024-06-21,5645.9241085485555,6431.979770954,-5347.108747597609
2024-06-22,41.390231411438435,5898.4560556244105,-5370.258174635004
2024-06-23,-1822.1831829515286,25754.566380730597,-2662.540249550686
2024-06-24,-38133.38725256827,14278.056128244149,-1788.4761932780093
2024-06-25,-54395.19611018896,-18675.141151243588,-6220.119911987655
2024-06-26,-17103.59223389672,-31499.847557410132,-6413.829169630335
2024-06-27,161313.9872140498,65532.854682785925,4995.455630508019
2024-06-28,82721.75933707738,19669.716633915203,-1468.2457184704836
2024-06-29,77560.8366903686,-4218.701268418692,-3780.054048222082
2024-06-30,98628.54616713151,-18413.994473767234,4055.015811450983
2024-07-01,49653.98734228406,-10972.225979716051,389.2495599932736
2024-07-02,120011.87001186935,31792.875513542676,10233.276504266047
2024-07-03,692491.9992848551,283216.05238670274,45603.15272259421
2024-07-04,-344792.55156408576,-167226.42386150127,-32634.054272594687
2024-07-05,-80253.950771356,-30826.672013275092,-2201.6003240272403
2024-07-06,-26646.94435072178,-8401.781388988253,851.6878088859958
2024-07-07,11080.626417996828,3071.0083408341743,754.5756696220487
2024-07-08,24852.770734200254,-1454.1964935355354,137.0974832533393
2024-07-09,-17882.742943444755,-9370.680492878892,-1054.2472292601597
2024-07-10,-86724.01566401031,-53049.81938872556,-8845.608558517997
2024-07-11,106523.2745812335,33713.75027687731,9142.187835480028
2024-07-12,34727.45702227438,-2818.4109536057804,-6.041527872817824
2024-07-13,35530.250096070115,3290.6306960941292,710.734915514855
2024-07-14,47470.3343482092,7097.903066744329,153.78528708324302
2024-07-15,139570.31418025354,43453.46833029622,6091.2567567936785
2024-07-16,-43613.748801738024,-24068.679359510774,-3936.4736019887496
2024-07-17,-61853.13663888676,-25939.52124262636,-8149.129496824142
2024-07-18,95573.56054244377,43572.36792414333,5357.130079010181
2024-07-19,36200.42144396622,23673.088327620644,1398.0141811765498
2024-07-20,42681.30544848181,22180.615147536853,998.4372370835335
2024-07-21,-432.19852564297616,11933.535145191243,-1199.9231712562323
2024-07-22,-12374.88947224291,-9330.105153483339,-3504.0997991565673
2024-07-23,9653.704072120134,-4661.388719906565,-1806.3674938695622
2024-07-24,-51421.87778143026,-8928.0670720716,-6008.548069472308
2024-07-25,29539.869372841902,18318.05776024447,6034.743674738274
2024-07-26,45866.30139963096,17209.431306619896,3767.6578657047066
2024-07-27,26917.591781730764,11776.559553690953,892.8392576148908
2024-07-28,45757.11462474568,2439.53995779017,2569.338961406058
2024-07-29,-4721.343645458575,-4783.803914468503,-2088.8589508980513
2024-07-30,18684.39843292348,6183.666005355073,350.648366838519
2024-07-31,-22187.84081835486,-12478.282054207753,-157.13547702299547
2024-08-01,24589.695722390432,8300.778858264443,-1406.6957562052412
2024-08-02,-21916.7331575267,-20158.227964325575,-6956.5204014289775
2024-08-03,5333.843481464777,-13211.219640939496,-48.14700073865242
2024-08-04,3834.0772480969317,-10952.78137752018,-687.0524600321078
2024-08-05,41730.63784028543,2720.4872307474725,566.3779796838062
2024-08-06,32069.39659192413,-1214.9422695888206,-854.5010644806898
2024-08-07,2413.298309130594,-37745.16202631069,-2660.5147214026365
2024-08-08,-201.13058421341702,-32700.16020185931,-6908.110049630515
2024-08-09,-10453.335763185285,-12565.294179250719,-3660.540804336808
2024-08-10,853.6043604621664,-16900.067164379172,-3604.7832258447597
2024-08-11,31245.08495132439,2091.19015829009,-1307.4346173147496
2024-08-12,19764.22256501764,3499.3946360144764,-1158.9846130945953
2024-08-13,-37790.020457629114,-32760.26761634194,-5793.779854939261
2024-08-14,61446.278998097405,19257.87615567958,3198.6300766108034
2024-08-15,59886.80107810162,14653.432855767664,2205.3681375285087
2024-08-16,49715.09838444553,4950.828333375743,201.6359003384423
2024-08-17,29102.517617275473,9626.856538732769,-4569.333975797519
2024-08-18,-17629.05025915662,-15600.763202675618,-9884.105535899376
2024-08-19,44551.43317231722,-316.5940843990538,3090.412594458583
2024-08-20,-19987.85026147589,-27012.29431892291,-4613.689832246309
2024-08-21,-63512.188605834264,-32335.8304206467,-4412.998510190402
2024-08-22,9848.97508546291,-11194.542042847723,1946.938072885212
2024-08-23,99002.73851195537,31600.30705132382,4531.272285564657
2024-08-24,136644.34700340964,50113.99739084137,8753.517396986397
2024-08-25,83000.208916754,13144.400527261663,5711.5623870310665
2024-08-26,4649.138730840292,-18536.04244482261,4457.988701330061
2024-08-27,-111494.41919439612,-57331.61853977863,-9663.663363273401
2024-08-28,33770.80652845558,14919.307984115323,-3172.5592853758135
2024-08-29,35482.856854585,30690.22183904797,2737.4570808180724
2024-08-30,32591.114118844736,-4873.782302180771,-563.8767192433006
2024-08-31,-3800.427011422813,-5777.854893003125,3998.2509605406376
2024-09-01,-113452.63235544367,8839.862418555189,-6465.591387625143
2024-09-02,-438680.7743576374,-159515.4315401225,-31923.38718033483
2024-09-03,380123.0205989871,197608.27095567156,33115.81438251102
2024-09-04,174378.2406054791,82448.90930685261,8114.832036308275
2024-09-05,-79592.1016936237,-38965.82968650141,-9482.801855422964
2024-09-06,-65059.300135205965,-16317.49088513432,1825.666473454854
2024-09-07,-134297.66720511252,-39727.37653999834,-5633.959921125555
2024-09-08,8883.943727357313,17320.322704252554,897.9344997520675
2024-09-09,177051.52161082486,101313.82702506194,11320.66888060412
2024-09-10,-121171.33667121129,-25962.488645514008,-5186.948840688798
2024-09-11,-43247.36623902479,-1139.0686523448676,-903.5685772997385
2024-09-12,85581.0490255612,55447.04336989904,6806.168284415384
2024-09-13,23632.67449046066,30276.77205716283,1196.0479763227922
2024-09-14,-47568.54482746078,21446.456795149483,-1719.3168063689664
2024-09-15,-44433.1260108538,-17955.562787022558,2506.2926260123495
2024-09-16,97245.71490461053,94302.02754406002,5661.884567786736
2024-09-17,-108504.52364226803,17447.355071636848,-4598.166916478513
2024-09-18,-70364.66654072003,33760.55641501001,3570.5424392788555
2024-09-19,-7098.318440321367,78055.91859716014,4282.060315130715
2024-09-20,26228.62344823964,97732.55166495498,5531.370146847388
2024-09-21,-96249.34152142191,41337.70532514271,5086.891114212252
2024-09-22,142239.99698476214,125723.42236395902,12364.117292702751
2024-09-23,167862.87597846007,112468.51516674878,11222.594082903437
2024-09-24,173201.57863944164,109635.02023190004,8640.485484317032
2024-09-25,47670.3231308707,68104.83129376173,5094.086357328808
2024-09-26,41079.18441757606,67555.46840848797,5580.530780585395
2024-09-27,-14540.650503964163,33342.058492307086,4215.479570351803
2024-09-28,350772.54329086794,136820.43634728994,11667.881409082795
2024-09-29,42223.191360724624,48759.14121600147,5519.235436822142
2024-09-30,-1319.9350286982954,31877.20465961122,12359.476688902418
